-- phpMyAdmin SQL Dump
-- version 5.2.0
-- https://www.phpmyadmin.net/
--
-- Host: 127.0.0.1
-- Waktu pembuatan: 15 Jun 2025 pada 10.01
-- Versi server: 10.4.24-MariaDB
-- Versi PHP: 8.1.6

SET SQL_MODE = "NO_AUTO_VALUE_ON_ZERO";
START TRANSACTION;
SET time_zone = "+00:00";


/*!40101 SET @OLD_CHARACTER_SET_CLIENT=@@CHARACTER_SET_CLIENT */;
/*!40101 SET @OLD_CHARACTER_SET_RESULTS=@@CHARACTER_SET_RESULTS */;
/*!40101 SET @OLD_COLLATION_CONNECTION=@@COLLATION_CONNECTION */;
/*!40101 SET NAMES utf8mb4 */;

--
-- Database: `db_beasiswa`
--

-- --------------------------------------------------------

--
-- Struktur dari tabel `ahp_bobotkriteria`
--

CREATE TABLE `ahp_bobotkriteria` (
  `id` bigint(20) NOT NULL,
  `kriteria` varchar(100) NOT NULL,
  `weight` double NOT NULL,
  `perhitungan_id` bigint(20) NOT NULL,
  `eigen_value` double NOT NULL,
  `weighted_sum_matrix` double NOT NULL
) ENGINE=InnoDB DEFAULT CHARSET=utf8mb4;

--
-- Dumping data untuk tabel `ahp_bobotkriteria`
--

INSERT INTO `ahp_bobotkriteria` (`id`, `kriteria`, `weight`, `perhitungan_id`, `eigen_value`, `weighted_sum_matrix`) VALUES
(1, 'C1', 0.5577225110065074, 1, 4.3042878480068625, 2.4005982266851835),
(2, 'C2', 0.2675939331813522, 1, 4.2759872309401965, 1.1442282413605263),
(3, 'C3', 0.13301452154366122, 1, 4.075511203763827, 0.5421021728144763),
(4, 'C4', 0.041669034268479226, 1, 4.0430217345943085, 0.16846881120701657),
(5, 'C1', 0.75, 4, 4, 3),
(6, 'C2', 0.08333333333333333, 4, 4, 0.3333333333333333),
(7, 'C3', 0.08333333333333333, 4, 4, 0.3333333333333333),
(8, 'C4', 0.08333333333333333, 4, 4, 0.3333333333333333),
(9, 'C1', 0.69, 5, 5.043478260869565, 3.48),
(10, 'C2', 0.07666666666666666, 5, 5.043478260869565, 0.38666666666666666),
(11, 'C3', 0.05666666666666667, 5, 4.052287581699346, 0.22962962962962963),
(12, 'C4', 0.17666666666666667, 5, 4.754716981132075, 0.84),
(13, 'C1', 0.7342436974789915, 8, 4.257510729613734, 3.126050420168067),
(14, 'C2', 0.06687675070028011, 8, 4.024432809773123, 0.26914098972922496),
(15, 'C3', 0.08158263305322128, 8, 4.257510729613735, 0.3473389355742297),
(16, 'C4', 0.117296918767507, 8, 4.101492537313432, 0.48109243697478987),
(17, 'C1', 0.5577225110065074, 10, 4.3042878480068625, 2.4005982266851835),
(18, 'C2', 0.2675939331813522, 10, 4.2759872309401965, 1.1442282413605263),
(19, 'C3', 0.13301452154366122, 10, 4.075511203763827, 0.5421021728144763),
(20, 'C4', 0.041669034268479226, 10, 4.0430217345943085, 0.16846881120701657),
(21, 'C1', 0.5577225110065074, 26, 4.3042878480068625, 2.4005982266851835),
(22, 'C2', 0.2675939331813522, 26, 4.2759872309401965, 1.1442282413605263),
(23, 'C3', 0.13301452154366122, 26, 4.075511203763827, 0.5421021728144763),
(24, 'C4', 0.041669034268479226, 26, 4.0430217345943085, 0.16846881120701657),
(25, 'C1', 0.553923941227312, 27, 4.298553573936245, 2.3810717372515127),
(26, 'C2', 0.2831028522039758, 27, 4.289375667836972, 1.2143344857389802),
(27, 'C3', 0.09469749351771824, 27, 4.0147857436225065, 0.38019014693171993),
(28, 'C4', 0.06827571305099395, 27, 4.082283688841066, 0.2787208297320657),
(29, 'C1', 0.553923941227312, 28, 4.298553573936245, 2.3810717372515127),
(30, 'C2', 0.2831028522039758, 28, 4.289375667836972, 1.2143344857389802),
(31, 'C3', 0.09469749351771824, 28, 4.0147857436225065, 0.38019014693171993),
(32, 'C4', 0.06827571305099395, 28, 4.082283688841066, 0.2787208297320657),
(33, 'C1', 0.5577225110065074, 29, 4.3042878480068625, 2.4005982266851835),
(34, 'C2', 0.2675939331813522, 29, 4.2759872309401965, 1.1442282413605263),
(35, 'C3', 0.13301452154366122, 29, 4.075511203763827, 0.5421021728144763),
(36, 'C4', 0.041669034268479226, 29, 4.0430217345943085, 0.16846881120701657),
(37, 'C1', 0.5577225110065074, 30, 4.3042878480068625, 2.4005982266851835),
(38, 'C2', 0.2675939331813522, 30, 4.2759872309401965, 1.1442282413605263),
(39, 'C3', 0.13301452154366122, 30, 4.075511203763827, 0.5421021728144763),
(40, 'C4', 0.041669034268479226, 30, 4.0430217345943085, 0.16846881120701657),
(41, 'C1', 0.5577225110065074, 31, 4.3042878480068625, 2.4005982266851835),
(42, 'C2', 0.2675939331813522, 31, 4.2759872309401965, 1.1442282413605263),
(43, 'C3', 0.13301452154366122, 31, 4.075511203763827, 0.5421021728144763),
(44, 'C4', 0.041669034268479226, 31, 4.0430217345943085, 0.16846881120701657),
(45, 'C1', 0.5577225110065074, 32, 4.3042878480068625, 2.4005982266851835),
(46, 'C2', 0.2675939331813522, 32, 4.2759872309401965, 1.1442282413605263),
(47, 'C3', 0.13301452154366122, 32, 4.075511203763827, 0.5421021728144763),
(48, 'C4', 0.041669034268479226, 32, 4.0430217345943085, 0.16846881120701657),
(49, 'C1', 0.5577225110065074, 33, 4.3042878480068625, 2.4005982266851835),
(50, 'C2', 0.2675939331813522, 33, 4.2759872309401965, 1.1442282413605263),
(51, 'C3', 0.13301452154366122, 33, 4.075511203763827, 0.5421021728144763),
(52, 'C4', 0.041669034268479226, 33, 4.0430217345943085, 0.16846881120701657),
(53, 'C1', 0.5577225110065074, 34, 4.3042878480068625, 2.4005982266851835),
(54, 'C2', 0.2675939331813522, 34, 4.2759872309401965, 1.1442282413605263),
(55, 'C3', 0.13301452154366122, 34, 4.075511203763827, 0.5421021728144763),
(56, 'C4', 0.041669034268479226, 34, 4.0430217345943085, 0.16846881120701657),
(57, 'C1', 0.25, 35, 1, 0.25),
(58, 'C2', 0.25, 35, 1, 0.25),
(59, 'C3', 0.25, 35, 1, 0.25),
(60, 'C4', 0.25, 35, 1, 0.25),
(61, 'C1', 0.447276907874734, 36, 4.254742432288901, 1.9030480389176043),
(62, 'C2', 0.3702018090605047, 36, 4.154505556553654, 1.5380054727880816),
(63, 'C3', 0.13928055640012163, 36, 4.0805421015530845, 0.5683401743184352),
(64, 'C4', 0.04324072666463971, 36, 4.0165894117113625, 0.17368024487589706),
(65, 'C1', 0.5577225110065074, 37, 4.3042878480068625, 2.4005982266851835),
(66, 'C2', 0.2675939331813522, 37, 4.2759872309401965, 1.1442282413605263),
(67, 'C3', 0.13301452154366122, 37, 4.075511203763827, 0.5421021728144763),
(68, 'C4', 0.041669034268479226, 37, 4.0430217345943085, 0.16846881120701657),
(69, 'C1', 0.49700425522532854, 38, 4.3213982710148215, 2.147753329217744),
(70, 'C2', 0.11529621218802363, 38, 4.1182104298633515, 0.474814063556457),
(71, 'C3', 0.1417618396684011, 38, 4.081384385084957, 0.5785845588235294),
(72, 'C4', 0.24593769291824674, 38, 4.340464077336263, 1.067483721374607),
(73, 'C1', 0.49700425522532854, 39, 4.3213982710148215, 2.147753329217744),
(74, 'C2', 0.11529621218802363, 39, 4.1182104298633515, 0.474814063556457),
(75, 'C3', 0.1417618396684011, 39, 4.081384385084957, 0.5785845588235294),
(76, 'C4', 0.24593769291824674, 39, 4.340464077336263, 1.067483721374607),
(77, 'C1', 0.49700425522532854, 40, 4.3213982710148215, 2.147753329217744),
(78, 'C2', 0.11529621218802363, 40, 4.1182104298633515, 0.474814063556457),
(79, 'C3', 0.1417618396684011, 40, 4.081384385084957, 0.5785845588235294),
(80, 'C4', 0.24593769291824674, 40, 4.340464077336263, 1.067483721374607),
(81, 'C1', 0.49700425522532854, 41, 4.3213982710148215, 2.147753329217744),
(82, 'C2', 0.11529621218802363, 41, 4.1182104298633515, 0.474814063556457),
(83, 'C3', 0.1417618396684011, 41, 4.081384385084957, 0.5785845588235294),
(84, 'C4', 0.24593769291824674, 41, 4.340464077336263, 1.067483721374607),
(85, 'C1', 0.49700425522532854, 42, 4.3213982710148215, 2.147753329217744),
(86, 'C2', 0.11529621218802363, 42, 4.1182104298633515, 0.474814063556457),
(87, 'C3', 0.1417618396684011, 42, 4.081384385084957, 0.5785845588235294),
(88, 'C4', 0.24593769291824674, 42, 4.340464077336263, 1.067483721374607),
(89, 'C1', 0.5577225110065074, 43, 4.3042878480068625, 2.4005982266851835),
(90, 'C2', 0.2675939331813522, 43, 4.2759872309401965, 1.1442282413605263),
(91, 'C3', 0.13301452154366122, 43, 4.075511203763827, 0.5421021728144763),
(92, 'C4', 0.041669034268479226, 43, 4.0430217345943085, 0.16846881120701657),
(93, 'C1', 0.5577225110065074, 44, 4.3042878480068625, 2.4005982266851835),
(94, 'C2', 0.2675939331813522, 44, 4.2759872309401965, 1.1442282413605263),
(95, 'C3', 0.13301452154366122, 44, 4.075511203763827, 0.5421021728144763),
(96, 'C4', 0.041669034268479226, 44, 4.0430217345943085, 0.16846881120701657),
(97, 'C1', 0.5577225110065074, 45, 4.3042878480068625, 2.4005982266851835),
(98, 'C2', 0.2675939331813522, 45, 4.2759872309401965, 1.1442282413605263),
(99, 'C3', 0.13301452154366122, 45, 4.075511203763827, 0.5421021728144763),
(100, 'C4', 0.041669034268479226, 45, 4.0430217345943085, 0.16846881120701657),
(101, 'C1', 0.5577225110065074, 46, 4.3042878480068625, 2.4005982266851835),
(102, 'C2', 0.2675939331813522, 46, 4.2759872309401965, 1.1442282413605263),
(103, 'C3', 0.13301452154366122, 46, 4.075511203763827, 0.5421021728144763),
(104, 'C4', 0.041669034268479226, 46, 4.0430217345943085, 0.16846881120701657),
(105, 'C1', 0.5577225110065074, 47, 4.3042878480068625, 2.4005982266851835),
(106, 'C2', 0.2675939331813522, 47, 4.2759872309401965, 1.1442282413605263),
(107, 'C3', 0.13301452154366122, 47, 4.075511203763827, 0.5421021728144763),
(108, 'C4', 0.041669034268479226, 47, 4.0430217345943085, 0.16846881120701657);

-- --------------------------------------------------------

--
-- Struktur dari tabel `ahp_matriksnormalisasi`
--

CREATE TABLE `ahp_matriksnormalisasi` (
  `id` bigint(20) NOT NULL,
  `row_kriteria` varchar(100) NOT NULL,
  `column_kriteria` varchar(100) NOT NULL,
  `normalized_value` double NOT NULL,
  `perhitungan_id` bigint(20) NOT NULL
) ENGINE=InnoDB DEFAULT CHARSET=utf8mb4;

--
-- Dumping data untuk tabel `ahp_matriksnormalisasi`
--

INSERT INTO `ahp_matriksnormalisasi` (`id`, `row_kriteria`, `column_kriteria`, `normalized_value`, `perhitungan_id`) VALUES
(1, 'C1', 'C1', 0.6081081081081081, 1),
(2, 'C1', 'C2', 0.6702127659574468, 1),
(3, 'C1', 'C3', 0.5434782608695653, 1),
(4, 'C1', 'C4', 0.4090909090909091, 1),
(5, 'C2', 'C1', 0.2027027027027027, 1),
(6, 'C2', 'C2', 0.22340425531914893, 1),
(7, 'C2', 'C3', 0.32608695652173914, 1),
(8, 'C2', 'C4', 0.3181818181818182, 1),
(9, 'C3', 'C1', 0.12162162162162163, 1),
(10, 'C3', 'C2', 0.07446808510638298, 1),
(11, 'C3', 'C3', 0.10869565217391305, 1),
(12, 'C3', 'C4', 0.22727272727272727, 1),
(13, 'C4', 'C1', 0.06756756756756757, 1),
(14, 'C4', 'C2', 0.031914893617021274, 1),
(15, 'C4', 'C3', 0.02173913043478261, 1),
(16, 'C4', 'C4', 0.045454545454545456, 1),
(17, 'C1', 'C1', 0.75, 4),
(18, 'C1', 'C2', 0.75, 4),
(19, 'C1', 'C3', 0.75, 4),
(20, 'C1', 'C4', 0.75, 4),
(21, 'C2', 'C1', 0.08333333333333333, 4),
(22, 'C2', 'C2', 0.08333333333333333, 4),
(23, 'C2', 'C3', 0.08333333333333333, 4),
(24, 'C2', 'C4', 0.08333333333333333, 4),
(25, 'C3', 'C1', 0.08333333333333333, 4),
(26, 'C3', 'C2', 0.08333333333333333, 4),
(27, 'C3', 'C3', 0.08333333333333333, 4),
(28, 'C3', 'C4', 0.08333333333333333, 4),
(29, 'C4', 'C1', 0.08333333333333333, 4),
(30, 'C4', 'C2', 0.08333333333333333, 4),
(31, 'C4', 'C3', 0.08333333333333333, 4),
(32, 'C4', 'C4', 0.08333333333333333, 4),
(33, 'C1', 'C1', 0.75, 5),
(34, 'C1', 'C2', 0.75, 5),
(35, 'C1', 'C3', 0.45, 5),
(36, 'C1', 'C4', 0.81, 5),
(37, 'C2', 'C1', 0.08333333333333333, 5),
(38, 'C2', 'C2', 0.08333333333333333, 5),
(39, 'C2', 'C3', 0.05, 5),
(40, 'C2', 'C4', 0.09, 5),
(41, 'C3', 'C1', 0.08333333333333333, 5),
(42, 'C3', 'C2', 0.08333333333333333, 5),
(43, 'C3', 'C3', 0.05, 5),
(44, 'C3', 'C4', 0.01, 5),
(45, 'C4', 'C1', 0.08333333333333333, 5),
(46, 'C4', 'C2', 0.08333333333333333, 5),
(47, 'C4', 'C3', 0.45, 5),
(48, 'C4', 'C4', 0.09, 5),
(49, 'C1', 'C1', 0.75, 8),
(50, 'C1', 'C2', 0.6428571428571429, 8),
(51, 'C1', 'C3', 0.75, 8),
(52, 'C1', 'C4', 0.7941176470588235, 8),
(53, 'C2', 'C1', 0.08333333333333333, 8),
(54, 'C2', 'C2', 0.07142857142857142, 8),
(55, 'C2', 'C3', 0.08333333333333333, 8),
(56, 'C2', 'C4', 0.02941176470588235, 8),
(57, 'C3', 'C1', 0.08333333333333333, 8),
(58, 'C3', 'C2', 0.07142857142857142, 8),
(59, 'C3', 'C3', 0.08333333333333333, 8),
(60, 'C3', 'C4', 0.08823529411764705, 8),
(61, 'C4', 'C1', 0.08333333333333333, 8),
(62, 'C4', 'C2', 0.21428571428571427, 8),
(63, 'C4', 'C3', 0.08333333333333333, 8),
(64, 'C4', 'C4', 0.08823529411764705, 8),
(65, 'C1', 'C1', 0.6081081081081081, 10),
(66, 'C1', 'C2', 0.6702127659574468, 10),
(67, 'C1', 'C3', 0.5434782608695653, 10),
(68, 'C1', 'C4', 0.4090909090909091, 10),
(69, 'C2', 'C1', 0.2027027027027027, 10),
(70, 'C2', 'C2', 0.22340425531914893, 10),
(71, 'C2', 'C3', 0.32608695652173914, 10),
(72, 'C2', 'C4', 0.3181818181818182, 10),
(73, 'C3', 'C1', 0.12162162162162163, 10),
(74, 'C3', 'C2', 0.07446808510638298, 10),
(75, 'C3', 'C3', 0.10869565217391305, 10),
(76, 'C3', 'C4', 0.22727272727272727, 10),
(77, 'C4', 'C1', 0.06756756756756757, 10),
(78, 'C4', 'C2', 0.031914893617021274, 10),
(79, 'C4', 'C3', 0.02173913043478261, 10),
(80, 'C4', 'C4', 0.045454545454545456, 10),
(81, 'C1', 'C1', 0.6081081081081081, 26),
(82, 'C1', 'C2', 0.6702127659574468, 26),
(83, 'C1', 'C3', 0.5434782608695653, 26),
(84, 'C1', 'C4', 0.4090909090909091, 26),
(85, 'C2', 'C1', 0.2027027027027027, 26),
(86, 'C2', 'C2', 0.22340425531914893, 26),
(87, 'C2', 'C3', 0.32608695652173914, 26),
(88, 'C2', 'C4', 0.3181818181818182, 26),
(89, 'C3', 'C1', 0.12162162162162163, 26),
(90, 'C3', 'C2', 0.07446808510638298, 26),
(91, 'C3', 'C3', 0.10869565217391305, 26),
(92, 'C3', 'C4', 0.22727272727272727, 26),
(93, 'C4', 'C1', 0.06756756756756757, 26),
(94, 'C4', 'C2', 0.031914893617021274, 26),
(95, 'C4', 'C3', 0.02173913043478261, 26),
(96, 'C4', 'C4', 0.045454545454545456, 26),
(97, 'C1', 'C1', 0.6, 27),
(98, 'C1', 'C2', 0.6741573033707865, 27),
(99, 'C1', 'C3', 0.48, 27),
(100, 'C1', 'C4', 0.46153846153846156, 27),
(101, 'C2', 'C1', 0.19999999999999998, 27),
(102, 'C2', 'C2', 0.2247191011235955, 27),
(103, 'C2', 'C3', 0.4, 27),
(104, 'C2', 'C4', 0.3076923076923077, 27),
(105, 'C3', 'C1', 0.09999999999999999, 27),
(106, 'C3', 'C2', 0.0449438202247191, 27),
(107, 'C3', 'C3', 0.08, 27),
(108, 'C3', 'C4', 0.15384615384615385, 27),
(109, 'C4', 'C1', 0.09999999999999999, 27),
(110, 'C4', 'C2', 0.056179775280898875, 27),
(111, 'C4', 'C3', 0.04, 27),
(112, 'C4', 'C4', 0.07692307692307693, 27),
(113, 'C1', 'C1', 0.6, 28),
(114, 'C1', 'C2', 0.6741573033707865, 28),
(115, 'C1', 'C3', 0.48, 28),
(116, 'C1', 'C4', 0.46153846153846156, 28),
(117, 'C2', 'C1', 0.19999999999999998, 28),
(118, 'C2', 'C2', 0.2247191011235955, 28),
(119, 'C2', 'C3', 0.4, 28),
(120, 'C2', 'C4', 0.3076923076923077, 28),
(121, 'C3', 'C1', 0.09999999999999999, 28),
(122, 'C3', 'C2', 0.0449438202247191, 28),
(123, 'C3', 'C3', 0.08, 28),
(124, 'C3', 'C4', 0.15384615384615385, 28),
(125, 'C4', 'C1', 0.09999999999999999, 28),
(126, 'C4', 'C2', 0.056179775280898875, 28),
(127, 'C4', 'C3', 0.04, 28),
(128, 'C4', 'C4', 0.07692307692307693, 28),
(129, 'C1', 'C1', 0.6081081081081081, 29),
(130, 'C1', 'C2', 0.6702127659574468, 29),
(131, 'C1', 'C3', 0.5434782608695653, 29),
(132, 'C1', 'C4', 0.4090909090909091, 29),
(133, 'C2', 'C1', 0.2027027027027027, 29),
(134, 'C2', 'C2', 0.22340425531914893, 29),
(135, 'C2', 'C3', 0.32608695652173914, 29),
(136, 'C2', 'C4', 0.3181818181818182, 29),
(137, 'C3', 'C1', 0.12162162162162163, 29),
(138, 'C3', 'C2', 0.07446808510638298, 29),
(139, 'C3', 'C3', 0.10869565217391305, 29),
(140, 'C3', 'C4', 0.22727272727272727, 29),
(141, 'C4', 'C1', 0.06756756756756757, 29),
(142, 'C4', 'C2', 0.031914893617021274, 29),
(143, 'C4', 'C3', 0.02173913043478261, 29),
(144, 'C4', 'C4', 0.045454545454545456, 29),
(145, 'C1', 'C1', 0.6081081081081081, 30),
(146, 'C1', 'C2', 0.6702127659574468, 30),
(147, 'C1', 'C3', 0.5434782608695653, 30),
(148, 'C1', 'C4', 0.4090909090909091, 30),
(149, 'C2', 'C1', 0.2027027027027027, 30),
(150, 'C2', 'C2', 0.22340425531914893, 30),
(151, 'C2', 'C3', 0.32608695652173914, 30),
(152, 'C2', 'C4', 0.3181818181818182, 30),
(153, 'C3', 'C1', 0.12162162162162163, 30),
(154, 'C3', 'C2', 0.07446808510638298, 30),
(155, 'C3', 'C3', 0.10869565217391305, 30),
(156, 'C3', 'C4', 0.22727272727272727, 30),
(157, 'C4', 'C1', 0.06756756756756757, 30),
(158, 'C4', 'C2', 0.031914893617021274, 30),
(159, 'C4', 'C3', 0.02173913043478261, 30),
(160, 'C4', 'C4', 0.045454545454545456, 30),
(161, 'C1', 'C1', 0.6081081081081081, 31),
(162, 'C1', 'C2', 0.6702127659574468, 31),
(163, 'C1', 'C3', 0.5434782608695653, 31),
(164, 'C1', 'C4', 0.4090909090909091, 31),
(165, 'C2', 'C1', 0.2027027027027027, 31),
(166, 'C2', 'C2', 0.22340425531914893, 31),
(167, 'C2', 'C3', 0.32608695652173914, 31),
(168, 'C2', 'C4', 0.3181818181818182, 31),
(169, 'C3', 'C1', 0.12162162162162163, 31),
(170, 'C3', 'C2', 0.07446808510638298, 31),
(171, 'C3', 'C3', 0.10869565217391305, 31),
(172, 'C3', 'C4', 0.22727272727272727, 31),
(173, 'C4', 'C1', 0.06756756756756757, 31),
(174, 'C4', 'C2', 0.031914893617021274, 31),
(175, 'C4', 'C3', 0.02173913043478261, 31),
(176, 'C4', 'C4', 0.045454545454545456, 31),
(177, 'C1', 'C1', 0.6081081081081081, 32),
(178, 'C1', 'C2', 0.6702127659574468, 32),
(179, 'C1', 'C3', 0.5434782608695653, 32),
(180, 'C1', 'C4', 0.4090909090909091, 32),
(181, 'C2', 'C1', 0.2027027027027027, 32),
(182, 'C2', 'C2', 0.22340425531914893, 32),
(183, 'C2', 'C3', 0.32608695652173914, 32),
(184, 'C2', 'C4', 0.3181818181818182, 32),
(185, 'C3', 'C1', 0.12162162162162163, 32),
(186, 'C3', 'C2', 0.07446808510638298, 32),
(187, 'C3', 'C3', 0.10869565217391305, 32),
(188, 'C3', 'C4', 0.22727272727272727, 32),
(189, 'C4', 'C1', 0.06756756756756757, 32),
(190, 'C4', 'C2', 0.031914893617021274, 32),
(191, 'C4', 'C3', 0.02173913043478261, 32),
(192, 'C4', 'C4', 0.045454545454545456, 32),
(193, 'C1', 'C1', 0.6081081081081081, 33),
(194, 'C1', 'C2', 0.6702127659574468, 33),
(195, 'C1', 'C3', 0.5434782608695653, 33),
(196, 'C1', 'C4', 0.4090909090909091, 33),
(197, 'C2', 'C1', 0.2027027027027027, 33),
(198, 'C2', 'C2', 0.22340425531914893, 33),
(199, 'C2', 'C3', 0.32608695652173914, 33),
(200, 'C2', 'C4', 0.3181818181818182, 33),
(201, 'C3', 'C1', 0.12162162162162163, 33),
(202, 'C3', 'C2', 0.07446808510638298, 33),
(203, 'C3', 'C3', 0.10869565217391305, 33),
(204, 'C3', 'C4', 0.22727272727272727, 33),
(205, 'C4', 'C1', 0.06756756756756757, 33),
(206, 'C4', 'C2', 0.031914893617021274, 33),
(207, 'C4', 'C3', 0.02173913043478261, 33),
(208, 'C4', 'C4', 0.045454545454545456, 33),
(209, 'C1', 'C1', 0.6081081081081081, 34),
(210, 'C1', 'C2', 0.6702127659574468, 34),
(211, 'C1', 'C3', 0.5434782608695653, 34),
(212, 'C1', 'C4', 0.4090909090909091, 34),
(213, 'C2', 'C1', 0.2027027027027027, 34),
(214, 'C2', 'C2', 0.22340425531914893, 34),
(215, 'C2', 'C3', 0.32608695652173914, 34),
(216, 'C2', 'C4', 0.3181818181818182, 34),
(217, 'C3', 'C1', 0.12162162162162163, 34),
(218, 'C3', 'C2', 0.07446808510638298, 34),
(219, 'C3', 'C3', 0.10869565217391305, 34),
(220, 'C3', 'C4', 0.22727272727272727, 34),
(221, 'C4', 'C1', 0.06756756756756757, 34),
(222, 'C4', 'C2', 0.031914893617021274, 34),
(223, 'C4', 'C3', 0.02173913043478261, 34),
(224, 'C4', 'C4', 0.045454545454545456, 34),
(225, 'C1', 'C1', 1, 35),
(226, 'C1', 'C2', 0, 35),
(227, 'C1', 'C3', 0, 35),
(228, 'C1', 'C4', 0, 35),
(229, 'C2', 'C1', 0, 35),
(230, 'C2', 'C2', 1, 35),
(231, 'C2', 'C3', 0, 35),
(232, 'C2', 'C4', 0, 35),
(233, 'C3', 'C1', 0, 35),
(234, 'C3', 'C2', 0, 35),
(235, 'C3', 'C3', 1, 35),
(236, 'C3', 'C4', 0, 35),
(237, 'C4', 'C1', 0, 35),
(238, 'C4', 'C2', 0, 35),
(239, 'C4', 'C3', 0, 35),
(240, 'C4', 'C4', 1, 35),
(241, 'C1', 'C1', 0.4326923076923077, 36),
(242, 'C1', 'C2', 0.40384615384615385, 36),
(243, 'C1', 'C3', 0.5434782608695653, 36),
(244, 'C1', 'C4', 0.4090909090909091, 36),
(245, 'C2', 'C1', 0.4326923076923077, 36),
(246, 'C2', 'C2', 0.40384615384615385, 36),
(247, 'C2', 'C3', 0.32608695652173914, 36),
(248, 'C2', 'C4', 0.3181818181818182, 36),
(249, 'C3', 'C1', 0.08653846153846155, 36),
(250, 'C3', 'C2', 0.1346153846153846, 36),
(251, 'C3', 'C3', 0.10869565217391305, 36),
(252, 'C3', 'C4', 0.22727272727272727, 36),
(253, 'C4', 'C1', 0.04807692307692308, 36),
(254, 'C4', 'C2', 0.05769230769230769, 36),
(255, 'C4', 'C3', 0.02173913043478261, 36),
(256, 'C4', 'C4', 0.045454545454545456, 36),
(257, 'C1', 'C1', 0.6081081081081081, 37),
(258, 'C1', 'C2', 0.6702127659574468, 37),
(259, 'C1', 'C3', 0.5434782608695653, 37),
(260, 'C1', 'C4', 0.4090909090909091, 37),
(261, 'C2', 'C1', 0.2027027027027027, 37),
(262, 'C2', 'C2', 0.22340425531914893, 37),
(263, 'C2', 'C3', 0.32608695652173914, 37),
(264, 'C2', 'C4', 0.3181818181818182, 37),
(265, 'C3', 'C1', 0.12162162162162163, 37),
(266, 'C3', 'C2', 0.07446808510638298, 37),
(267, 'C3', 'C3', 0.10869565217391305, 37),
(268, 'C3', 'C4', 0.22727272727272727, 37),
(269, 'C4', 'C1', 0.06756756756756757, 37),
(270, 'C4', 'C2', 0.031914893617021274, 37),
(271, 'C4', 'C3', 0.02173913043478261, 37),
(272, 'C4', 'C4', 0.045454545454545456, 37),
(273, 'C1', 'C1', 0.5217391304347826, 38),
(274, 'C1', 'C2', 0.375, 38),
(275, 'C1', 'C3', 0.47058823529411764, 38),
(276, 'C1', 'C4', 0.6206896551724138, 38),
(277, 'C2', 'C1', 0.17391304347826086, 38),
(278, 'C2', 'C2', 0.125, 38),
(279, 'C2', 'C3', 0.058823529411764705, 38),
(280, 'C2', 'C4', 0.10344827586206898, 38),
(281, 'C3', 'C1', 0.13043478260869565, 38),
(282, 'C3', 'C2', 0.25, 38),
(283, 'C3', 'C3', 0.11764705882352941, 38),
(284, 'C3', 'C4', 0.06896551724137931, 38),
(285, 'C4', 'C1', 0.17391304347826086, 38),
(286, 'C4', 'C2', 0.25, 38),
(287, 'C4', 'C3', 0.35294117647058826, 38),
(288, 'C4', 'C4', 0.20689655172413796, 38),
(289, 'C1', 'C1', 0.5217391304347826, 39),
(290, 'C1', 'C2', 0.375, 39),
(291, 'C1', 'C3', 0.47058823529411764, 39),
(292, 'C1', 'C4', 0.6206896551724138, 39),
(293, 'C2', 'C1', 0.17391304347826086, 39),
(294, 'C2', 'C2', 0.125, 39),
(295, 'C2', 'C3', 0.058823529411764705, 39),
(296, 'C2', 'C4', 0.10344827586206898, 39),
(297, 'C3', 'C1', 0.13043478260869565, 39),
(298, 'C3', 'C2', 0.25, 39),
(299, 'C3', 'C3', 0.11764705882352941, 39),
(300, 'C3', 'C4', 0.06896551724137931, 39),
(301, 'C4', 'C1', 0.17391304347826086, 39),
(302, 'C4', 'C2', 0.25, 39),
(303, 'C4', 'C3', 0.35294117647058826, 39),
(304, 'C4', 'C4', 0.20689655172413796, 39),
(305, 'C1', 'C1', 0.5217391304347826, 40),
(306, 'C1', 'C2', 0.375, 40),
(307, 'C1', 'C3', 0.47058823529411764, 40),
(308, 'C1', 'C4', 0.6206896551724138, 40),
(309, 'C2', 'C1', 0.17391304347826086, 40),
(310, 'C2', 'C2', 0.125, 40),
(311, 'C2', 'C3', 0.058823529411764705, 40),
(312, 'C2', 'C4', 0.10344827586206898, 40),
(313, 'C3', 'C1', 0.13043478260869565, 40),
(314, 'C3', 'C2', 0.25, 40),
(315, 'C3', 'C3', 0.11764705882352941, 40),
(316, 'C3', 'C4', 0.06896551724137931, 40),
(317, 'C4', 'C1', 0.17391304347826086, 40),
(318, 'C4', 'C2', 0.25, 40),
(319, 'C4', 'C3', 0.35294117647058826, 40),
(320, 'C4', 'C4', 0.20689655172413796, 40),
(321, 'C1', 'C1', 0.5217391304347826, 41),
(322, 'C1', 'C2', 0.375, 41),
(323, 'C1', 'C3', 0.47058823529411764, 41),
(324, 'C1', 'C4', 0.6206896551724138, 41),
(325, 'C2', 'C1', 0.17391304347826086, 41),
(326, 'C2', 'C2', 0.125, 41),
(327, 'C2', 'C3', 0.058823529411764705, 41),
(328, 'C2', 'C4', 0.10344827586206898, 41),
(329, 'C3', 'C1', 0.13043478260869565, 41),
(330, 'C3', 'C2', 0.25, 41),
(331, 'C3', 'C3', 0.11764705882352941, 41),
(332, 'C3', 'C4', 0.06896551724137931, 41),
(333, 'C4', 'C1', 0.17391304347826086, 41),
(334, 'C4', 'C2', 0.25, 41),
(335, 'C4', 'C3', 0.35294117647058826, 41),
(336, 'C4', 'C4', 0.20689655172413796, 41),
(337, 'C1', 'C1', 0.5217391304347826, 42),
(338, 'C1', 'C2', 0.375, 42),
(339, 'C1', 'C3', 0.47058823529411764, 42),
(340, 'C1', 'C4', 0.6206896551724138, 42),
(341, 'C2', 'C1', 0.17391304347826086, 42),
(342, 'C2', 'C2', 0.125, 42),
(343, 'C2', 'C3', 0.058823529411764705, 42),
(344, 'C2', 'C4', 0.10344827586206898, 42),
(345, 'C3', 'C1', 0.13043478260869565, 42),
(346, 'C3', 'C2', 0.25, 42),
(347, 'C3', 'C3', 0.11764705882352941, 42),
(348, 'C3', 'C4', 0.06896551724137931, 42),
(349, 'C4', 'C1', 0.17391304347826086, 42),
(350, 'C4', 'C2', 0.25, 42),
(351, 'C4', 'C3', 0.35294117647058826, 42),
(352, 'C4', 'C4', 0.20689655172413796, 42),
(353, 'C1', 'C1', 0.6081081081081081, 43),
(354, 'C1', 'C2', 0.6702127659574468, 43),
(355, 'C1', 'C3', 0.5434782608695653, 43),
(356, 'C1', 'C4', 0.4090909090909091, 43),
(357, 'C2', 'C1', 0.2027027027027027, 43),
(358, 'C2', 'C2', 0.22340425531914893, 43),
(359, 'C2', 'C3', 0.32608695652173914, 43),
(360, 'C2', 'C4', 0.3181818181818182, 43),
(361, 'C3', 'C1', 0.12162162162162163, 43),
(362, 'C3', 'C2', 0.07446808510638298, 43),
(363, 'C3', 'C3', 0.10869565217391305, 43),
(364, 'C3', 'C4', 0.22727272727272727, 43),
(365, 'C4', 'C1', 0.06756756756756757, 43),
(366, 'C4', 'C2', 0.031914893617021274, 43),
(367, 'C4', 'C3', 0.02173913043478261, 43),
(368, 'C4', 'C4', 0.045454545454545456, 43),
(369, 'C1', 'C1', 0.6081081081081081, 44),
(370, 'C1', 'C2', 0.6702127659574468, 44),
(371, 'C1', 'C3', 0.5434782608695653, 44),
(372, 'C1', 'C4', 0.4090909090909091, 44),
(373, 'C2', 'C1', 0.2027027027027027, 44),
(374, 'C2', 'C2', 0.22340425531914893, 44),
(375, 'C2', 'C3', 0.32608695652173914, 44),
(376, 'C2', 'C4', 0.3181818181818182, 44),
(377, 'C3', 'C1', 0.12162162162162163, 44),
(378, 'C3', 'C2', 0.07446808510638298, 44),
(379, 'C3', 'C3', 0.10869565217391305, 44),
(380, 'C3', 'C4', 0.22727272727272727, 44),
(381, 'C4', 'C1', 0.06756756756756757, 44),
(382, 'C4', 'C2', 0.031914893617021274, 44),
(383, 'C4', 'C3', 0.02173913043478261, 44),
(384, 'C4', 'C4', 0.045454545454545456, 44),
(385, 'C1', 'C1', 0.6081081081081081, 45),
(386, 'C1', 'C2', 0.6702127659574468, 45),
(387, 'C1', 'C3', 0.5434782608695653, 45),
(388, 'C1', 'C4', 0.4090909090909091, 45),
(389, 'C2', 'C1', 0.2027027027027027, 45),
(390, 'C2', 'C2', 0.22340425531914893, 45),
(391, 'C2', 'C3', 0.32608695652173914, 45),
(392, 'C2', 'C4', 0.3181818181818182, 45),
(393, 'C3', 'C1', 0.12162162162162163, 45),
(394, 'C3', 'C2', 0.07446808510638298, 45),
(395, 'C3', 'C3', 0.10869565217391305, 45),
(396, 'C3', 'C4', 0.22727272727272727, 45),
(397, 'C4', 'C1', 0.06756756756756757, 45),
(398, 'C4', 'C2', 0.031914893617021274, 45),
(399, 'C4', 'C3', 0.02173913043478261, 45),
(400, 'C4', 'C4', 0.045454545454545456, 45),
(401, 'C1', 'C1', 0.6081081081081081, 46),
(402, 'C1', 'C2', 0.6702127659574468, 46),
(403, 'C1', 'C3', 0.5434782608695653, 46),
(404, 'C1', 'C4', 0.4090909090909091, 46),
(405, 'C2', 'C1', 0.2027027027027027, 46),
(406, 'C2', 'C2', 0.22340425531914893, 46),
(407, 'C2', 'C3', 0.32608695652173914, 46),
(408, 'C2', 'C4', 0.3181818181818182, 46),
(409, 'C3', 'C1', 0.12162162162162163, 46),
(410, 'C3', 'C2', 0.07446808510638298, 46),
(411, 'C3', 'C3', 0.10869565217391305, 46),
(412, 'C3', 'C4', 0.22727272727272727, 46),
(413, 'C4', 'C1', 0.06756756756756757, 46),
(414, 'C4', 'C2', 0.031914893617021274, 46),
(415, 'C4', 'C3', 0.02173913043478261, 46),
(416, 'C4', 'C4', 0.045454545454545456, 46),
(417, 'C1', 'C1', 0.6081081081081081, 47),
(418, 'C1', 'C2', 0.6702127659574468, 47),
(419, 'C1', 'C3', 0.5434782608695653, 47),
(420, 'C1', 'C4', 0.4090909090909091, 47),
(421, 'C2', 'C1', 0.2027027027027027, 47),
(422, 'C2', 'C2', 0.22340425531914893, 47),
(423, 'C2', 'C3', 0.32608695652173914, 47),
(424, 'C2', 'C4', 0.3181818181818182, 47),
(425, 'C3', 'C1', 0.12162162162162163, 47),
(426, 'C3', 'C2', 0.07446808510638298, 47),
(427, 'C3', 'C3', 0.10869565217391305, 47),
(428, 'C3', 'C4', 0.22727272727272727, 47),
(429, 'C4', 'C1', 0.06756756756756757, 47),
(430, 'C4', 'C2', 0.031914893617021274, 47),
(431, 'C4', 'C3', 0.02173913043478261, 47),
(432, 'C4', 'C4', 0.045454545454545456, 47);

-- --------------------------------------------------------

--
-- Struktur dari tabel `ahp_matriksperbandingan`
--

CREATE TABLE `ahp_matriksperbandingan` (
  `id` bigint(20) NOT NULL,
  `row_kriteria` varchar(100) NOT NULL,
  `column_kriteria` varchar(100) NOT NULL,
  `value` double NOT NULL,
  `perhitungan_id` bigint(20) NOT NULL
) ENGINE=InnoDB DEFAULT CHARSET=utf8mb4;

--
-- Dumping data untuk tabel `ahp_matriksperbandingan`
--

INSERT INTO `ahp_matriksperbandingan` (`id`, `row_kriteria`, `column_kriteria`, `value`, `perhitungan_id`) VALUES
(1, 'C1', 'C1', 1, 1),
(2, 'C1', 'C2', 3, 1),
(3, 'C1', 'C3', 5, 1),
(4, 'C1', 'C4', 9, 1),
(5, 'C2', 'C1', 0.3333333333333333, 1),
(6, 'C2', 'C2', 1, 1),
(7, 'C2', 'C3', 3, 1),
(8, 'C2', 'C4', 7, 1),
(9, 'C3', 'C1', 0.2, 1),
(10, 'C3', 'C2', 0.3333333333333333, 1),
(11, 'C3', 'C3', 1, 1),
(12, 'C3', 'C4', 5, 1),
(13, 'C4', 'C1', 0.1111111111111111, 1),
(14, 'C4', 'C2', 0.14285714285714285, 1),
(15, 'C4', 'C3', 0.2, 1),
(16, 'C4', 'C4', 1, 1),
(17, 'C1', 'C1', 1, 4),
(18, 'C1', 'C2', 9, 4),
(19, 'C1', 'C3', 9, 4),
(20, 'C1', 'C4', 9, 4),
(21, 'C2', 'C1', 0.1111111111111111, 4),
(22, 'C2', 'C2', 1, 4),
(23, 'C2', 'C3', 1, 4),
(24, 'C2', 'C4', 1, 4),
(25, 'C3', 'C1', 0.1111111111111111, 4),
(26, 'C3', 'C2', 1, 4),
(27, 'C3', 'C3', 1, 4),
(28, 'C3', 'C4', 1, 4),
(29, 'C4', 'C1', 0.1111111111111111, 4),
(30, 'C4', 'C2', 1, 4),
(31, 'C4', 'C3', 1, 4),
(32, 'C4', 'C4', 1, 4),
(33, 'C1', 'C1', 1, 5),
(34, 'C1', 'C2', 9, 5),
(35, 'C1', 'C3', 9, 5),
(36, 'C1', 'C4', 9, 5),
(37, 'C2', 'C1', 0.1111111111111111, 5),
(38, 'C2', 'C2', 1, 5),
(39, 'C2', 'C3', 1, 5),
(40, 'C2', 'C4', 1, 5),
(41, 'C3', 'C1', 0.1111111111111111, 5),
(42, 'C3', 'C2', 1, 5),
(43, 'C3', 'C3', 1, 5),
(44, 'C3', 'C4', 0.1111111111111111, 5),
(45, 'C4', 'C1', 0.1111111111111111, 5),
(46, 'C4', 'C2', 1, 5),
(47, 'C4', 'C3', 9, 5),
(48, 'C4', 'C4', 1, 5),
(49, 'C1', 'C1', 1, 8),
(50, 'C1', 'C2', 9, 8),
(51, 'C1', 'C3', 9, 8),
(52, 'C1', 'C4', 9, 8),
(53, 'C2', 'C1', 0.1111111111111111, 8),
(54, 'C2', 'C2', 1, 8),
(55, 'C2', 'C3', 1, 8),
(56, 'C2', 'C4', 0.3333333333333333, 8),
(57, 'C3', 'C1', 0.1111111111111111, 8),
(58, 'C3', 'C2', 1, 8),
(59, 'C3', 'C3', 1, 8),
(60, 'C3', 'C4', 1, 8),
(61, 'C4', 'C1', 0.1111111111111111, 8),
(62, 'C4', 'C2', 3, 8),
(63, 'C4', 'C3', 1, 8),
(64, 'C4', 'C4', 1, 8),
(65, 'C1', 'C1', 1, 10),
(66, 'C1', 'C2', 3, 10),
(67, 'C1', 'C3', 5, 10),
(68, 'C1', 'C4', 9, 10),
(69, 'C2', 'C1', 0.3333333333333333, 10),
(70, 'C2', 'C2', 1, 10),
(71, 'C2', 'C3', 3, 10),
(72, 'C2', 'C4', 7, 10),
(73, 'C3', 'C1', 0.2, 10),
(74, 'C3', 'C2', 0.3333333333333333, 10),
(75, 'C3', 'C3', 1, 10),
(76, 'C3', 'C4', 5, 10),
(77, 'C4', 'C1', 0.1111111111111111, 10),
(78, 'C4', 'C2', 0.14285714285714285, 10),
(79, 'C4', 'C3', 0.2, 10),
(80, 'C4', 'C4', 1, 10),
(81, 'C1', 'C1', 1, 26),
(82, 'C1', 'C2', 3, 26),
(83, 'C1', 'C3', 5, 26),
(84, 'C1', 'C4', 9, 26),
(85, 'C2', 'C1', 0.3333333333333333, 26),
(86, 'C2', 'C2', 1, 26),
(87, 'C2', 'C3', 3, 26),
(88, 'C2', 'C4', 7, 26),
(89, 'C3', 'C1', 0.2, 26),
(90, 'C3', 'C2', 0.3333333333333333, 26),
(91, 'C3', 'C3', 1, 26),
(92, 'C3', 'C4', 5, 26),
(93, 'C4', 'C1', 0.1111111111111111, 26),
(94, 'C4', 'C2', 0.14285714285714285, 26),
(95, 'C4', 'C3', 0.2, 26),
(96, 'C4', 'C4', 1, 26),
(97, 'C1', 'C1', 1, 27),
(98, 'C1', 'C2', 3, 27),
(99, 'C1', 'C3', 6, 27),
(100, 'C1', 'C4', 6, 27),
(101, 'C2', 'C1', 0.3333333333333333, 27),
(102, 'C2', 'C2', 1, 27),
(103, 'C2', 'C3', 5, 27),
(104, 'C2', 'C4', 4, 27),
(105, 'C3', 'C1', 0.16666666666666666, 27),
(106, 'C3', 'C2', 0.2, 27),
(107, 'C3', 'C3', 1, 27),
(108, 'C3', 'C4', 2, 27),
(109, 'C4', 'C1', 0.16666666666666666, 27),
(110, 'C4', 'C2', 0.25, 27),
(111, 'C4', 'C3', 0.5, 27),
(112, 'C4', 'C4', 1, 27),
(113, 'C1', 'C1', 1, 28),
(114, 'C1', 'C2', 3, 28),
(115, 'C1', 'C3', 6, 28),
(116, 'C1', 'C4', 6, 28),
(117, 'C2', 'C1', 0.3333333333333333, 28),
(118, 'C2', 'C2', 1, 28),
(119, 'C2', 'C3', 5, 28),
(120, 'C2', 'C4', 4, 28),
(121, 'C3', 'C1', 0.16666666666666666, 28),
(122, 'C3', 'C2', 0.2, 28),
(123, 'C3', 'C3', 1, 28),
(124, 'C3', 'C4', 2, 28),
(125, 'C4', 'C1', 0.16666666666666666, 28),
(126, 'C4', 'C2', 0.25, 28),
(127, 'C4', 'C3', 0.5, 28),
(128, 'C4', 'C4', 1, 28),
(129, 'C1', 'C1', 1, 29),
(130, 'C1', 'C2', 3, 29),
(131, 'C1', 'C3', 5, 29),
(132, 'C1', 'C4', 9, 29),
(133, 'C2', 'C1', 0.3333333333333333, 29),
(134, 'C2', 'C2', 1, 29),
(135, 'C2', 'C3', 3, 29),
(136, 'C2', 'C4', 7, 29),
(137, 'C3', 'C1', 0.2, 29),
(138, 'C3', 'C2', 0.3333333333333333, 29),
(139, 'C3', 'C3', 1, 29),
(140, 'C3', 'C4', 5, 29),
(141, 'C4', 'C1', 0.1111111111111111, 29),
(142, 'C4', 'C2', 0.14285714285714285, 29),
(143, 'C4', 'C3', 0.2, 29),
(144, 'C4', 'C4', 1, 29),
(145, 'C1', 'C1', 1, 30),
(146, 'C1', 'C2', 3, 30),
(147, 'C1', 'C3', 5, 30),
(148, 'C1', 'C4', 9, 30),
(149, 'C2', 'C1', 0.3333333333333333, 30),
(150, 'C2', 'C2', 1, 30),
(151, 'C2', 'C3', 3, 30),
(152, 'C2', 'C4', 7, 30),
(153, 'C3', 'C1', 0.2, 30),
(154, 'C3', 'C2', 0.3333333333333333, 30),
(155, 'C3', 'C3', 1, 30),
(156, 'C3', 'C4', 5, 30),
(157, 'C4', 'C1', 0.1111111111111111, 30),
(158, 'C4', 'C2', 0.14285714285714285, 30),
(159, 'C4', 'C3', 0.2, 30),
(160, 'C4', 'C4', 1, 30),
(161, 'C1', 'C1', 1, 31),
(162, 'C1', 'C2', 3, 31),
(163, 'C1', 'C3', 5, 31),
(164, 'C1', 'C4', 9, 31),
(165, 'C2', 'C1', 0.3333333333333333, 31),
(166, 'C2', 'C2', 1, 31),
(167, 'C2', 'C3', 3, 31),
(168, 'C2', 'C4', 7, 31),
(169, 'C3', 'C1', 0.2, 31),
(170, 'C3', 'C2', 0.3333333333333333, 31),
(171, 'C3', 'C3', 1, 31),
(172, 'C3', 'C4', 5, 31),
(173, 'C4', 'C1', 0.1111111111111111, 31),
(174, 'C4', 'C2', 0.14285714285714285, 31),
(175, 'C4', 'C3', 0.2, 31),
(176, 'C4', 'C4', 1, 31),
(177, 'C1', 'C1', 1, 32),
(178, 'C1', 'C2', 3, 32),
(179, 'C1', 'C3', 5, 32),
(180, 'C1', 'C4', 9, 32),
(181, 'C2', 'C1', 0.3333333333333333, 32),
(182, 'C2', 'C2', 1, 32),
(183, 'C2', 'C3', 3, 32),
(184, 'C2', 'C4', 7, 32),
(185, 'C3', 'C1', 0.2, 32),
(186, 'C3', 'C2', 0.3333333333333333, 32),
(187, 'C3', 'C3', 1, 32),
(188, 'C3', 'C4', 5, 32),
(189, 'C4', 'C1', 0.1111111111111111, 32),
(190, 'C4', 'C2', 0.14285714285714285, 32),
(191, 'C4', 'C3', 0.2, 32),
(192, 'C4', 'C4', 1, 32),
(193, 'C1', 'C1', 1, 33),
(194, 'C1', 'C2', 3, 33),
(195, 'C1', 'C3', 5, 33),
(196, 'C1', 'C4', 9, 33),
(197, 'C2', 'C1', 0.3333333333333333, 33),
(198, 'C2', 'C2', 1, 33),
(199, 'C2', 'C3', 3, 33),
(200, 'C2', 'C4', 7, 33),
(201, 'C3', 'C1', 0.2, 33),
(202, 'C3', 'C2', 0.3333333333333333, 33),
(203, 'C3', 'C3', 1, 33),
(204, 'C3', 'C4', 5, 33),
(205, 'C4', 'C1', 0.1111111111111111, 33),
(206, 'C4', 'C2', 0.14285714285714285, 33),
(207, 'C4', 'C3', 0.2, 33),
(208, 'C4', 'C4', 1, 33),
(209, 'C1', 'C1', 1, 34),
(210, 'C1', 'C2', 3, 34),
(211, 'C1', 'C3', 5, 34),
(212, 'C1', 'C4', 9, 34),
(213, 'C2', 'C1', 0.3333333333333333, 34),
(214, 'C2', 'C2', 1, 34),
(215, 'C2', 'C3', 3, 34),
(216, 'C2', 'C4', 7, 34),
(217, 'C3', 'C1', 0.2, 34),
(218, 'C3', 'C2', 0.3333333333333333, 34),
(219, 'C3', 'C3', 1, 34),
(220, 'C3', 'C4', 5, 34),
(221, 'C4', 'C1', 0.1111111111111111, 34),
(222, 'C4', 'C2', 0.14285714285714285, 34),
(223, 'C4', 'C3', 0.2, 34),
(224, 'C4', 'C4', 1, 34),
(225, 'C1', 'C1', 1, 35),
(226, 'C1', 'C2', 0, 35),
(227, 'C1', 'C3', 0, 35),
(228, 'C1', 'C4', 0, 35),
(229, 'C2', 'C1', 0, 35),
(230, 'C2', 'C2', 1, 35),
(231, 'C2', 'C3', 0, 35),
(232, 'C2', 'C4', 0, 35),
(233, 'C3', 'C1', 0, 35),
(234, 'C3', 'C2', 0, 35),
(235, 'C3', 'C3', 1, 35),
(236, 'C3', 'C4', 0, 35),
(237, 'C4', 'C1', 0, 35),
(238, 'C4', 'C2', 0, 35),
(239, 'C4', 'C3', 0, 35),
(240, 'C4', 'C4', 1, 35),
(241, 'C1', 'C1', 1, 36),
(242, 'C1', 'C2', 1, 36),
(243, 'C1', 'C3', 5, 36),
(244, 'C1', 'C4', 9, 36),
(245, 'C2', 'C1', 1, 36),
(246, 'C2', 'C2', 1, 36),
(247, 'C2', 'C3', 3, 36),
(248, 'C2', 'C4', 7, 36),
(249, 'C3', 'C1', 0.2, 36),
(250, 'C3', 'C2', 0.3333333333333333, 36),
(251, 'C3', 'C3', 1, 36),
(252, 'C3', 'C4', 5, 36),
(253, 'C4', 'C1', 0.1111111111111111, 36),
(254, 'C4', 'C2', 0.14285714285714285, 36),
(255, 'C4', 'C3', 0.2, 36),
(256, 'C4', 'C4', 1, 36),
(257, 'C1', 'C1', 1, 37),
(258, 'C1', 'C2', 3, 37),
(259, 'C1', 'C3', 5, 37),
(260, 'C1', 'C4', 9, 37),
(261, 'C2', 'C1', 0.3333333333333333, 37),
(262, 'C2', 'C2', 1, 37),
(263, 'C2', 'C3', 3, 37),
(264, 'C2', 'C4', 7, 37),
(265, 'C3', 'C1', 0.2, 37),
(266, 'C3', 'C2', 0.3333333333333333, 37),
(267, 'C3', 'C3', 1, 37),
(268, 'C3', 'C4', 5, 37),
(269, 'C4', 'C1', 0.1111111111111111, 37),
(270, 'C4', 'C2', 0.14285714285714285, 37),
(271, 'C4', 'C3', 0.2, 37),
(272, 'C4', 'C4', 1, 37),
(273, 'C1', 'C1', 1, 38),
(274, 'C1', 'C2', 3, 38),
(275, 'C1', 'C3', 4, 38),
(276, 'C1', 'C4', 3, 38),
(277, 'C2', 'C1', 0.3333333333333333, 38),
(278, 'C2', 'C2', 1, 38),
(279, 'C2', 'C3', 0.5, 38),
(280, 'C2', 'C4', 0.5, 38),
(281, 'C3', 'C1', 0.25, 38),
(282, 'C3', 'C2', 2, 38),
(283, 'C3', 'C3', 1, 38),
(284, 'C3', 'C4', 0.3333333333333333, 38),
(285, 'C4', 'C1', 0.3333333333333333, 38),
(286, 'C4', 'C2', 2, 38),
(287, 'C4', 'C3', 3, 38),
(288, 'C4', 'C4', 1, 38),
(289, 'C1', 'C1', 1, 39),
(290, 'C1', 'C2', 3, 39),
(291, 'C1', 'C3', 4, 39),
(292, 'C1', 'C4', 3, 39),
(293, 'C2', 'C1', 0.3333333333333333, 39),
(294, 'C2', 'C2', 1, 39),
(295, 'C2', 'C3', 0.5, 39),
(296, 'C2', 'C4', 0.5, 39),
(297, 'C3', 'C1', 0.25, 39),
(298, 'C3', 'C2', 2, 39),
(299, 'C3', 'C3', 1, 39),
(300, 'C3', 'C4', 0.3333333333333333, 39),
(301, 'C4', 'C1', 0.3333333333333333, 39),
(302, 'C4', 'C2', 2, 39),
(303, 'C4', 'C3', 3, 39),
(304, 'C4', 'C4', 1, 39),
(305, 'C1', 'C1', 1, 40),
(306, 'C1', 'C2', 3, 40),
(307, 'C1', 'C3', 4, 40),
(308, 'C1', 'C4', 3, 40),
(309, 'C2', 'C1', 0.3333333333333333, 40),
(310, 'C2', 'C2', 1, 40),
(311, 'C2', 'C3', 0.5, 40),
(312, 'C2', 'C4', 0.5, 40),
(313, 'C3', 'C1', 0.25, 40),
(314, 'C3', 'C2', 2, 40),
(315, 'C3', 'C3', 1, 40),
(316, 'C3', 'C4', 0.3333333333333333, 40),
(317, 'C4', 'C1', 0.3333333333333333, 40),
(318, 'C4', 'C2', 2, 40),
(319, 'C4', 'C3', 3, 40),
(320, 'C4', 'C4', 1, 40),
(321, 'C1', 'C1', 1, 41),
(322, 'C1', 'C2', 3, 41),
(323, 'C1', 'C3', 4, 41),
(324, 'C1', 'C4', 3, 41),
(325, 'C2', 'C1', 0.3333333333333333, 41),
(326, 'C2', 'C2', 1, 41),
(327, 'C2', 'C3', 0.5, 41),
(328, 'C2', 'C4', 0.5, 41),
(329, 'C3', 'C1', 0.25, 41),
(330, 'C3', 'C2', 2, 41),
(331, 'C3', 'C3', 1, 41),
(332, 'C3', 'C4', 0.3333333333333333, 41),
(333, 'C4', 'C1', 0.3333333333333333, 41),
(334, 'C4', 'C2', 2, 41),
(335, 'C4', 'C3', 3, 41),
(336, 'C4', 'C4', 1, 41),
(337, 'C1', 'C1', 1, 42),
(338, 'C1', 'C2', 3, 42),
(339, 'C1', 'C3', 4, 42),
(340, 'C1', 'C4', 3, 42),
(341, 'C2', 'C1', 0.3333333333333333, 42),
(342, 'C2', 'C2', 1, 42),
(343, 'C2', 'C3', 0.5, 42),
(344, 'C2', 'C4', 0.5, 42),
(345, 'C3', 'C1', 0.25, 42),
(346, 'C3', 'C2', 2, 42),
(347, 'C3', 'C3', 1, 42),
(348, 'C3', 'C4', 0.3333333333333333, 42),
(349, 'C4', 'C1', 0.3333333333333333, 42),
(350, 'C4', 'C2', 2, 42),
(351, 'C4', 'C3', 3, 42),
(352, 'C4', 'C4', 1, 42),
(353, 'C1', 'C1', 1, 43),
(354, 'C1', 'C2', 3, 43),
(355, 'C1', 'C3', 5, 43),
(356, 'C1', 'C4', 9, 43),
(357, 'C2', 'C1', 0.3333333333333333, 43),
(358, 'C2', 'C2', 1, 43),
(359, 'C2', 'C3', 3, 43),
(360, 'C2', 'C4', 7, 43),
(361, 'C3', 'C1', 0.2, 43),
(362, 'C3', 'C2', 0.3333333333333333, 43),
(363, 'C3', 'C3', 1, 43),
(364, 'C3', 'C4', 5, 43),
(365, 'C4', 'C1', 0.1111111111111111, 43),
(366, 'C4', 'C2', 0.14285714285714285, 43),
(367, 'C4', 'C3', 0.2, 43),
(368, 'C4', 'C4', 1, 43),
(369, 'C1', 'C1', 1, 44),
(370, 'C1', 'C2', 3, 44),
(371, 'C1', 'C3', 5, 44),
(372, 'C1', 'C4', 9, 44),
(373, 'C2', 'C1', 0.3333333333333333, 44),
(374, 'C2', 'C2', 1, 44),
(375, 'C2', 'C3', 3, 44),
(376, 'C2', 'C4', 7, 44),
(377, 'C3', 'C1', 0.2, 44),
(378, 'C3', 'C2', 0.3333333333333333, 44),
(379, 'C3', 'C3', 1, 44),
(380, 'C3', 'C4', 5, 44),
(381, 'C4', 'C1', 0.1111111111111111, 44),
(382, 'C4', 'C2', 0.14285714285714285, 44),
(383, 'C4', 'C3', 0.2, 44),
(384, 'C4', 'C4', 1, 44),
(385, 'C1', 'C1', 1, 45),
(386, 'C1', 'C2', 3, 45),
(387, 'C1', 'C3', 5, 45),
(388, 'C1', 'C4', 9, 45),
(389, 'C2', 'C1', 0.3333333333333333, 45),
(390, 'C2', 'C2', 1, 45),
(391, 'C2', 'C3', 3, 45),
(392, 'C2', 'C4', 7, 45),
(393, 'C3', 'C1', 0.2, 45),
(394, 'C3', 'C2', 0.3333333333333333, 45),
(395, 'C3', 'C3', 1, 45),
(396, 'C3', 'C4', 5, 45),
(397, 'C4', 'C1', 0.1111111111111111, 45),
(398, 'C4', 'C2', 0.14285714285714285, 45),
(399, 'C4', 'C3', 0.2, 45),
(400, 'C4', 'C4', 1, 45),
(401, 'C1', 'C1', 1, 46),
(402, 'C1', 'C2', 3, 46),
(403, 'C1', 'C3', 5, 46),
(404, 'C1', 'C4', 9, 46),
(405, 'C2', 'C1', 0.3333333333333333, 46),
(406, 'C2', 'C2', 1, 46),
(407, 'C2', 'C3', 3, 46),
(408, 'C2', 'C4', 7, 46),
(409, 'C3', 'C1', 0.2, 46),
(410, 'C3', 'C2', 0.3333333333333333, 46),
(411, 'C3', 'C3', 1, 46),
(412, 'C3', 'C4', 5, 46),
(413, 'C4', 'C1', 0.1111111111111111, 46),
(414, 'C4', 'C2', 0.14285714285714285, 46),
(415, 'C4', 'C3', 0.2, 46),
(416, 'C4', 'C4', 1, 46),
(417, 'C1', 'C1', 1, 47),
(418, 'C1', 'C2', 3, 47),
(419, 'C1', 'C3', 5, 47),
(420, 'C1', 'C4', 9, 47),
(421, 'C2', 'C1', 0.3333333333333333, 47),
(422, 'C2', 'C2', 1, 47),
(423, 'C2', 'C3', 3, 47),
(424, 'C2', 'C4', 7, 47),
(425, 'C3', 'C1', 0.2, 47),
(426, 'C3', 'C2', 0.3333333333333333, 47),
(427, 'C3', 'C3', 1, 47),
(428, 'C3', 'C4', 5, 47),
(429, 'C4', 'C1', 0.1111111111111111, 47),
(430, 'C4', 'C2', 0.14285714285714285, 47),
(431, 'C4', 'C3', 0.2, 47),
(432, 'C4', 'C4', 1, 47);

-- --------------------------------------------------------

--
-- Struktur dari tabel `ahp_perhitunganahp`
--

CREATE TABLE `ahp_perhitunganahp` (
  `id` bigint(20) NOT NULL,
  `lambda_max` double NOT NULL,
  `CI` double NOT NULL,
  `CR` double NOT NULL,
  `created_at` datetime(6) NOT NULL,
  `updated_at` datetime(6) NOT NULL
) ENGINE=InnoDB DEFAULT CHARSET=utf8mb4;

--
-- Dumping data untuk tabel `ahp_perhitunganahp`
--

INSERT INTO `ahp_perhitunganahp` (`id`, `lambda_max`, `CI`, `CR`, `created_at`, `updated_at`) VALUES
(1, 4.174702004326298, 0.05823400144209945, 0.06470444604677716, '2025-06-09 13:29:53.593929', '2025-06-09 13:29:53.601593'),
(3, 0, 0, 0, '2025-06-09 13:50:25.117832', '2025-06-09 13:50:25.117832'),
(4, 4, 0, 0, '2025-06-09 13:53:05.828651', '2025-06-09 13:53:05.833650'),
(5, 4.723490271142638, 0.2411634237142127, 0.26795935968245854, '2025-06-09 13:53:35.957840', '2025-06-09 13:53:35.963841'),
(6, 0, 0, 0, '2025-06-09 13:55:08.355013', '2025-06-09 13:55:08.355013'),
(7, 0, 0, 0, '2025-06-09 13:56:06.404143', '2025-06-09 13:56:06.404143'),
(8, 4.160236701578506, 0.053412233859501924, 0.059346926510557695, '2025-06-09 13:58:40.153974', '2025-06-09 13:58:40.159975'),
(9, 0, 0, 0, '2025-06-09 13:58:52.077423', '2025-06-09 13:58:52.077423'),
(10, 4.174702004326298, 0.05823400144209945, 0.06470444604677716, '2025-06-09 14:04:59.210937', '2025-06-09 14:04:59.210937'),
(11, 4.174702004326298, 0.05823400144209945, 0.06470444604677716, '2025-06-11 14:58:36.736334', '2025-06-11 14:58:36.736334'),
(12, 4.174702004326298, 0.05823400144209945, 0.06470444604677716, '2025-06-11 14:59:29.301479', '2025-06-11 14:59:29.301479'),
(13, 4.174702004326298, 0.05823400144209945, 0.06470444604677716, '2025-06-11 15:07:15.997055', '2025-06-11 15:07:15.997055'),
(14, 4.174702004326298, 0.05823400144209945, 0.06470444604677716, '2025-06-11 15:08:57.929104', '2025-06-11 15:08:57.929104'),
(15, 4.174702004326298, 0.05823400144209945, 0.06470444604677716, '2025-06-11 15:09:22.090360', '2025-06-11 15:09:22.090360'),
(16, 4.174702004326298, 0.05823400144209945, 0.06470444604677716, '2025-06-11 15:09:41.653011', '2025-06-11 15:09:41.653011'),
(17, 4.174702004326298, 0.05823400144209945, 0.06470444604677716, '2025-06-11 15:11:01.469001', '2025-06-11 15:11:01.469001'),
(18, 4.174702004326298, 0.05823400144209945, 0.06470444604677716, '2025-06-11 15:11:16.405024', '2025-06-11 15:11:16.405024'),
(19, 4.174702004326298, 0.05823400144209945, 0.06470444604677716, '2025-06-11 15:11:45.932013', '2025-06-11 15:11:45.932013'),
(20, 4.174702004326298, 0.05823400144209945, 0.06470444604677716, '2025-06-11 15:12:01.842420', '2025-06-11 15:12:01.842420'),
(21, 4.174702004326298, 0.05823400144209945, 0.06470444604677716, '2025-06-11 15:12:07.841718', '2025-06-11 15:12:07.842718'),
(22, 4.174702004326298, 0.05823400144209945, 0.06470444604677716, '2025-06-11 15:12:53.352313', '2025-06-11 15:12:53.352313'),
(23, 4.213401795424357, 0.07113393180811893, 0.07903770200902104, '2025-06-11 15:13:18.464051', '2025-06-11 15:13:18.464236'),
(24, 4.174702004326298, 0.05823400144209945, 0.06470444604677716, '2025-06-11 15:14:32.269669', '2025-06-11 15:14:32.269669'),
(25, 4.174702004326298, 0.05823400144209945, 0.06470444604677716, '2025-06-11 15:17:03.187922', '2025-06-11 15:17:03.187922'),
(26, 4.174702004326298, 0.05823400144209945, 0.06470444604677716, '2025-06-11 15:20:12.355392', '2025-06-11 15:20:12.356179'),
(27, 4.171249668559198, 0.05708322285306592, 0.06342580317007324, '2025-06-11 15:20:26.160266', '2025-06-11 15:20:26.160266'),
(28, 4.171249668559198, 0.05708322285306592, 0.06342580317007324, '2025-06-11 15:21:09.950549', '2025-06-11 15:21:09.950549'),
(29, 4.174702004326298, 0.05823400144209945, 0.06470444604677716, '2025-06-11 15:49:48.833741', '2025-06-11 15:49:48.833741'),
(30, 4.174702004326298, 0.05823400144209945, 0.06470444604677716, '2025-06-11 15:50:15.929082', '2025-06-11 15:50:15.929082'),
(31, 4.174702004326298, 0.05823400144209945, 0.06470444604677716, '2025-06-11 15:52:04.292267', '2025-06-11 15:52:04.292267'),
(32, 4.174702004326298, 0.05823400144209945, 0.06470444604677716, '2025-06-11 15:55:51.129771', '2025-06-11 15:55:51.129771'),
(33, 4.174702004326298, 0.05823400144209945, 0.06470444604677716, '2025-06-11 15:57:57.988414', '2025-06-11 15:57:57.988414'),
(34, 4.174702004326298, 0.05823400144209945, 0.06470444604677716, '2025-06-13 09:03:54.394236', '2025-06-13 09:03:54.394236'),
(35, 1, -1, -1.1111111111111112, '2025-06-14 08:28:27.202335', '2025-06-14 08:28:27.202335'),
(36, 4.1265948755267505, 0.04219829184225018, 0.04688699093583353, '2025-06-14 08:28:42.615009', '2025-06-14 08:28:42.615009'),
(37, 4.174702004326298, 0.05823400144209945, 0.06470444604677716, '2025-06-14 08:28:56.113114', '2025-06-14 08:28:56.113114'),
(38, 4.215364290824848, 0.07178809694161596, 0.07976455215735107, '2025-06-14 08:30:32.392100', '2025-06-14 08:30:32.392100'),
(39, 4.215364290824848, 0.07178809694161596, 0.07976455215735107, '2025-06-14 08:30:46.033640', '2025-06-14 08:30:46.033640'),
(40, 4.215364290824848, 0.07178809694161596, 0.07976455215735107, '2025-06-14 08:30:57.788188', '2025-06-14 08:30:57.788188'),
(41, 4.215364290824848, 0.07178809694161596, 0.07976455215735107, '2025-06-14 08:32:34.648006', '2025-06-14 08:32:34.648006'),
(42, 4.215364290824848, 0.07178809694161596, 0.07976455215735107, '2025-06-14 08:32:43.179650', '2025-06-14 08:32:43.179650'),
(43, 4.174702004326298, 0.05823400144209945, 0.06470444604677716, '2025-06-14 08:33:06.468703', '2025-06-14 08:33:06.468703'),
(44, 4.174702004326298, 0.05823400144209945, 0.06470444604677716, '2025-06-14 08:33:38.092106', '2025-06-14 08:33:38.092106'),
(45, 4.174702004326298, 0.05823400144209945, 0.06470444604677716, '2025-06-14 08:34:45.135479', '2025-06-14 08:34:45.135479'),
(46, 4.174702004326298, 0.05823400144209945, 0.06470444604677716, '2025-06-14 08:35:31.517408', '2025-06-14 08:35:31.517408'),
(47, 4.174702004326298, 0.05823400144209945, 0.06470444604677716, '2025-06-14 08:35:40.911179', '2025-06-14 08:35:40.911179');

-- --------------------------------------------------------

--
-- Struktur dari tabel `auth_group`
--

CREATE TABLE `auth_group` (
  `id` int(11) NOT NULL,
  `name` varchar(150) NOT NULL
) ENGINE=InnoDB DEFAULT CHARSET=utf8mb4;

--
-- Dumping data untuk tabel `auth_group`
--

INSERT INTO `auth_group` (`id`, `name`) VALUES
(1, 'Admin'),
(2, 'SuperAdmin'),
(3, 'User');

-- --------------------------------------------------------

--
-- Struktur dari tabel `auth_group_permissions`
--

CREATE TABLE `auth_group_permissions` (
  `id` bigint(20) NOT NULL,
  `group_id` int(11) NOT NULL,
  `permission_id` int(11) NOT NULL
) ENGINE=InnoDB DEFAULT CHARSET=utf8mb4;

--
-- Dumping data untuk tabel `auth_group_permissions`
--

INSERT INTO `auth_group_permissions` (`id`, `group_id`, `permission_id`) VALUES
(1, 1, 1),
(2, 1, 2),
(3, 1, 3),
(4, 1, 4),
(5, 1, 8),
(6, 1, 13),
(7, 1, 14),
(8, 1, 15),
(9, 1, 16),
(10, 1, 17),
(11, 1, 18),
(12, 1, 19),
(13, 1, 20),
(14, 1, 21),
(15, 1, 22),
(16, 1, 23),
(17, 1, 24);

-- --------------------------------------------------------

--
-- Struktur dari tabel `auth_permission`
--

CREATE TABLE `auth_permission` (
  `id` int(11) NOT NULL,
  `name` varchar(255) NOT NULL,
  `content_type_id` int(11) NOT NULL,
  `codename` varchar(100) NOT NULL
) ENGINE=InnoDB DEFAULT CHARSET=utf8mb4;

--
-- Dumping data untuk tabel `auth_permission`
--

INSERT INTO `auth_permission` (`id`, `name`, `content_type_id`, `codename`) VALUES
(1, 'Can add log entry', 1, 'add_logentry'),
(2, 'Can change log entry', 1, 'change_logentry'),
(3, 'Can delete log entry', 1, 'delete_logentry'),
(4, 'Can view log entry', 1, 'view_logentry'),
(5, 'Can add permission', 2, 'add_permission'),
(6, 'Can change permission', 2, 'change_permission'),
(7, 'Can delete permission', 2, 'delete_permission'),
(8, 'Can view permission', 2, 'view_permission'),
(9, 'Can add group', 3, 'add_group'),
(10, 'Can change group', 3, 'change_group'),
(11, 'Can delete group', 3, 'delete_group'),
(12, 'Can view group', 3, 'view_group'),
(13, 'Can add user', 4, 'add_user'),
(14, 'Can change user', 4, 'change_user'),
(15, 'Can delete user', 4, 'delete_user'),
(16, 'Can view user', 4, 'view_user'),
(17, 'Can add content type', 5, 'add_contenttype'),
(18, 'Can change content type', 5, 'change_contenttype'),
(19, 'Can delete content type', 5, 'delete_contenttype'),
(20, 'Can view content type', 5, 'view_contenttype'),
(21, 'Can add session', 6, 'add_session'),
(22, 'Can change session', 6, 'change_session'),
(23, 'Can delete session', 6, 'delete_session'),
(24, 'Can view session', 6, 'view_session'),
(25, 'Can add perhitungan ahp', 7, 'add_perhitunganahp'),
(26, 'Can change perhitungan ahp', 7, 'change_perhitunganahp'),
(27, 'Can delete perhitungan ahp', 7, 'delete_perhitunganahp'),
(28, 'Can view perhitungan ahp', 7, 'view_perhitunganahp'),
(29, 'Can add bobot', 8, 'add_bobot'),
(30, 'Can change bobot', 8, 'change_bobot'),
(31, 'Can delete bobot', 8, 'delete_bobot'),
(32, 'Can view bobot', 8, 'view_bobot'),
(33, 'Can add matriks normalisasi', 9, 'add_matriksnormalisasi'),
(34, 'Can change matriks normalisasi', 9, 'change_matriksnormalisasi'),
(35, 'Can delete matriks normalisasi', 9, 'delete_matriksnormalisasi'),
(36, 'Can view matriks normalisasi', 9, 'view_matriksnormalisasi'),
(37, 'Can add bobot kriteria', 10, 'add_bobotkriteria'),
(38, 'Can change bobot kriteria', 10, 'change_bobotkriteria'),
(39, 'Can delete bobot kriteria', 10, 'delete_bobotkriteria'),
(40, 'Can view bobot kriteria', 10, 'view_bobotkriteria'),
(41, 'Can add matriks perbandingan', 11, 'add_matriksperbandingan'),
(42, 'Can change matriks perbandingan', 11, 'change_matriksperbandingan'),
(43, 'Can delete matriks perbandingan', 11, 'delete_matriksperbandingan'),
(44, 'Can view matriks perbandingan', 11, 'view_matriksperbandingan'),
(45, 'Can add mahasiswa', 12, 'add_mahasiswa'),
(46, 'Can change mahasiswa', 12, 'change_mahasiswa'),
(47, 'Can delete mahasiswa', 12, 'delete_mahasiswa'),
(48, 'Can view mahasiswa', 12, 'view_mahasiswa'),
(49, 'Can add ayam', 13, 'add_ayam'),
(50, 'Can change ayam', 13, 'change_ayam'),
(51, 'Can delete ayam', 13, 'delete_ayam'),
(52, 'Can view ayam', 13, 'view_ayam');

-- --------------------------------------------------------

--
-- Struktur dari tabel `auth_user`
--

CREATE TABLE `auth_user` (
  `id` int(11) NOT NULL,
  `password` varchar(128) NOT NULL,
  `last_login` datetime(6) DEFAULT NULL,
  `is_superuser` tinyint(1) NOT NULL,
  `username` varchar(150) NOT NULL,
  `first_name` varchar(150) NOT NULL,
  `last_name` varchar(150) NOT NULL,
  `email` varchar(254) NOT NULL,
  `is_staff` tinyint(1) NOT NULL,
  `is_active` tinyint(1) NOT NULL,
  `date_joined` datetime(6) NOT NULL
) ENGINE=InnoDB DEFAULT CHARSET=utf8mb4;

--
-- Dumping data untuk tabel `auth_user`
--

INSERT INTO `auth_user` (`id`, `password`, `last_login`, `is_superuser`, `username`, `first_name`, `last_name`, `email`, `is_staff`, `is_active`, `date_joined`) VALUES
(32, 'pbkdf2_sha256$720000$lxd7XMcHzzQIvKvhf59f4H$QhkfIiCP1Ut7WoXYvK3r8Q7AdyZWZTYWt3S4kkxuiDU=', '2025-06-15 01:26:17.063627', 1, 'admin', 'Josclyn', 'Juangjaya', '', 1, 1, '2025-06-13 03:37:06.000000'),
(145, 'pbkdf2_sha256$720000$0biBn0in0lFnP2xcVameg7$ihSug7vwed34xwT84LLETdrALLLHXAvXCVp2AmguzQ4=', '2025-06-13 11:50:02.776752', 0, '1911102436002', 'Dimas', 'Saputra', '', 0, 1, '2025-06-13 07:31:35.307024'),
(146, 'pbkdf2_sha256$720000$n9aap15FuNd1lek8JAi9kE$0JUyYLDHTJhLxS4ExAaWeNAmCujhmRYGd63TmlInNi8=', NULL, 0, '2111102421003', 'Sari', 'Lestari', '', 0, 1, '2025-06-13 07:31:36.533847'),
(147, 'pbkdf2_sha256$720000$rmYKrvF1TcDdCzCiPVuGPv$u/daCk6h/TvdhguBFMZuimovD/R6l4PTuD7FITYWxAk=', NULL, 0, '2411102434004', 'Budi', 'Santoso', '', 0, 1, '2025-06-13 07:31:37.862870'),
(148, 'pbkdf2_sha256$720000$TsK3fFWR1rJYFJP3IK0vVz$EbIHzM/EChnXVKFbk6V+QFPQSUCZe9001mz5EQFvuvA=', NULL, 0, '1911102424005', 'Agus', 'Setiawan', '', 0, 1, '2025-06-13 07:31:39.074580'),
(149, 'pbkdf2_sha256$720000$pZIO8MMVevrxFUoQRmjXxB$Yj4fTqhV5EUE6emhIowNb5OGbDdHJ1bsmdkqzKBLA7Q=', NULL, 0, '2311102427006', 'Fadli', 'Ramadhan', '', 0, 1, '2025-06-13 07:31:40.353890'),
(150, 'pbkdf2_sha256$720000$1sLOuJ6ULvWjFMuR2Alo6g$p4FyrZm828GI6zHMgjcQyHYSERukXh4AKwIf5bPLHqk=', NULL, 0, '2311102406007', 'Putri', 'Ayu', '', 0, 1, '2025-06-13 07:31:41.628596'),
(151, 'pbkdf2_sha256$720000$npQAt4O2gfBmHsxtLAuDzi$YuOYP75mfoXR9D5oVPXesXM9eFiXQtOAitjbhN24QrQ=', NULL, 0, '1911102428008', 'Nadia', 'Putri', '', 0, 1, '2025-06-13 07:31:42.884141'),
(152, 'pbkdf2_sha256$720000$PgdoKOrtzcZYAi7ZmUoobW$Fpl3j7JCy6Ta8q+TtMFLbXuNWGauwx8guvnVL1TBcVQ=', NULL, 0, '2411102422009', 'Wahyu', 'Kusuma', '', 0, 1, '2025-06-13 07:31:44.166140'),
(153, 'pbkdf2_sha256$720000$IJDzwSPAYy8goCTLMB61QJ$wigCL6lEQHSQzQwYqWy0hLPTfWaojtcPU6idUVy+Tgc=', NULL, 0, '2411102411010', 'Tomi', 'Setiawan', '', 0, 1, '2025-06-13 07:31:45.339146'),
(154, 'pbkdf2_sha256$720000$JmdNdKVvpJdDA8oQRROVSF$jbrdVHJGZRYj24/ucWnvcwa59XiOhHNmOo2FOk5y31E=', NULL, 0, '2211102443011', 'Indah', 'Sari', '', 0, 1, '2025-06-13 07:31:46.525247'),
(155, 'pbkdf2_sha256$720000$JQmRslQJ2WcDY0EAwDQMBj$cQGTwlKU3lM4FakRRMBFJ5vT1q7cpcNe0nmsMfGnsKc=', NULL, 0, '2311102414012', 'Tina', 'Permana', '', 0, 1, '2025-06-13 07:31:47.724330'),
(156, 'pbkdf2_sha256$720000$RS5Y0diigIpo4r7ZyXTgqk$ZnHCKr/Tw1sLGUtZELm4q9ugOCHKGLqxDSAQt8zB5/g=', NULL, 0, '2411102410013', 'Rina', 'Santika', '', 0, 1, '2025-06-13 07:31:49.005311'),
(157, 'pbkdf2_sha256$720000$0DsDM2RlGDzTlws8qobJm4$znT4iur4oYzpbthpBLbkrTJn6KSG/W/EexiidJG8mFo=', NULL, 0, '2511102420014', 'Marlina', 'Putri', '', 0, 1, '2025-06-13 07:31:50.263170'),
(158, 'pbkdf2_sha256$720000$Sgg8mr3B7w7dkvaf930cS4$ebDnVJlXLmjVbKBX+0fQbbCuSsKaQNBlohYaTxNRaZE=', NULL, 0, '1811102437015', 'Eka', 'Kartika', '', 0, 1, '2025-06-13 07:31:51.507473'),
(159, 'pbkdf2_sha256$720000$FtFgyJP2Igw9IuUDvnavuK$GWKmkzEnKbNa60CHhvwWJnDfbp1b7l5S1ENMR6NuDrE=', NULL, 0, '2011102427016', 'Farah', 'Putri', '', 0, 1, '2025-06-13 07:31:52.751159'),
(160, 'pbkdf2_sha256$720000$or7az0uU0vQqekX1s1FCnH$2NRDHu44eBet50gqTbxwF6cKKlxVEWbVo12fKwo8pRE=', NULL, 0, '1911102441017', 'Kharisma', 'Lestari', '', 0, 1, '2025-06-13 07:31:53.979617'),
(161, 'pbkdf2_sha256$720000$X0gkMobxvQcWp6IJtAW8Cp$o7dX1yNV8vhWMK0E2aEew9Ti2obxWy1EV2cz7a3aJP0=', NULL, 0, '2511102437018', 'Vera', 'Setiawan', '', 0, 1, '2025-06-13 07:31:55.294362'),
(162, 'pbkdf2_sha256$720000$kYJbJXENTuPDT3deET5BRd$mZ5PqSa3Qy8Vpx+wIL4QkA37kGPPFm8xFShYp7nTkR0=', NULL, 0, '2011102418019', 'Alif', 'Ramadhan', '', 0, 1, '2025-06-13 07:31:56.540902'),
(163, 'pbkdf2_sha256$720000$1zvpaeesuXS00kevtd3Yok$U4WDF8RBOg77ojBayQOeV2tLJlASW8Sy7wlBq8inbc0=', NULL, 0, '1811102428020', 'Prasetyo', 'Santoso', '', 0, 1, '2025-06-13 07:31:57.695757'),
(164, 'pbkdf2_sha256$720000$pqwK6e0qih9Z3FOSlsTQQT$peqKwua8XfK8uYCh3rncuKXU2wyxN0ewducpFIwUQyE=', NULL, 0, '2411102418021', 'Gilbert', 'Kartika', '', 0, 1, '2025-06-13 07:31:59.030805'),
(165, 'pbkdf2_sha256$720000$X0rRbvPGNFxRCCLrF2xEAX$SrjPzuvTkpMQNqCaz4IN3my11w4U4cUDlyKDmhFpzAA=', NULL, 0, '2311102418022', 'Nina', 'Putri', '', 0, 1, '2025-06-13 07:32:00.227241'),
(166, 'pbkdf2_sha256$720000$eZwXHhuthTKpE5qOZHS0Ei$VEqUFyuWJ5A6BqAVJ/7j5KfS7OPFWrcZbP/UyXAmMuw=', NULL, 0, '2211102411023', 'Hendra', 'Gunawan', '', 0, 1, '2025-06-13 07:32:01.507176'),
(167, 'pbkdf2_sha256$720000$RSKX0lfXu2KWAueYlfyenP$A4xC6XqiS/GkBYOZV77rRxi7IDg36pZRcFh04Ril3/0=', NULL, 0, '2411102433024', 'Tari', 'Setiawan', '', 0, 1, '2025-06-13 07:32:02.743202'),
(168, 'pbkdf2_sha256$720000$CqvP9rWHfoT9O52SWgyWGl$KuNrLlOXXVLM4nD9YoAHxZJ2LFAbDxUsdupGkHcfdac=', NULL, 0, '1811102408025', 'Zulfan', 'Roni', '', 0, 1, '2025-06-13 07:32:03.934757'),
(169, 'pbkdf2_sha256$720000$1WM4OZJo1w8CylDEUIgmf8$/MFPJe+eIdnBLItYjhjRQkkc8aNY5mAPoif+RmfXODw=', NULL, 0, '2011102440026', 'Oktavianus', 'Suryanto', '', 0, 1, '2025-06-13 07:32:05.227687'),
(170, 'pbkdf2_sha256$720000$x5AEjArvFHqZwlLJVbn64C$7G7DPCf+A3OMhAwkaRAR0n4eA3UNsS9Z/XGBVsb7J28=', NULL, 0, '2011102413027', 'Oki', 'Wijaya', '', 0, 1, '2025-06-13 07:32:06.435509'),
(171, 'pbkdf2_sha256$720000$tc30PWcphf0l4cH0JufQFx$S1ilHGA7CZt6kIfT1Z5go6OXkmy8NCbOUwpl4PHBGXQ=', NULL, 0, '1911102416028', 'Zahra', 'Pratiwi', '', 0, 1, '2025-06-13 07:32:07.684331'),
(172, 'pbkdf2_sha256$720000$uSFmRapzWx7yWpZfuOCO94$so/VFU/amBOw0UN5s0cxTuRmx7CLJVbKcc9OgTWECVM=', NULL, 0, '2311102424029', 'Junaidi', 'Prabowo', '', 0, 1, '2025-06-13 07:32:08.936842'),
(173, 'pbkdf2_sha256$720000$LyjhC8Rq8Eb4dyhS6XGS64$VLcl0epfSPdfS1Jt2AvsuFL/+iobRMPIbsWkau3s8Uc=', NULL, 0, '2111102417030', 'Septiani', 'Permata', '', 0, 1, '2025-06-13 07:32:10.135929'),
(174, 'pbkdf2_sha256$720000$UGWM3ATI723v4pZ4KBQ9ec$Qw/oo0SsjZWBKpVHmdAK8qcFbJIT2eMa5i8ukv4UMZ4=', NULL, 0, '2111102418031', 'Omar', 'Hidayat', '', 0, 1, '2025-06-13 07:32:11.438257'),
(175, 'pbkdf2_sha256$720000$eDL01f9C3uyCgFpg5wVmpi$xRFRW+oBWIoiOOx3n+k9E0Aa5eGLdu8Lcblzjd0lbhY=', NULL, 0, '2111102436032', 'Oki', 'Pratama', '', 0, 1, '2025-06-13 07:32:12.660366'),
(176, 'pbkdf2_sha256$720000$Fo6w5orMTd2uiZ7RcBguAU$0yggemUP48SMslV+PbFvOAnB8e2OqdlWek65O+HNiHQ=', NULL, 0, '2111102425033', 'Ulya', 'Permana', '', 0, 1, '2025-06-13 07:32:13.785637'),
(177, 'pbkdf2_sha256$720000$REkTJnlsf7pV9Ed3467GLy$NN0DhBcayQII40tvdujf668dOAgfgz9ut0ugjx6bvFM=', NULL, 0, '2311102427034', 'Andi', 'Pratama', '', 0, 1, '2025-06-13 07:32:14.991519'),
(178, 'pbkdf2_sha256$720000$CXXUtKJeoIOlMlS0JhMKjf$OOMcJOyL+Yi7+3LJZG3vzDd34wxLuQCIe7EZ+Rg6CQ0=', NULL, 0, '2111102428035', 'Wulan', 'Santosa', '', 0, 1, '2025-06-13 07:32:16.198055'),
(179, 'pbkdf2_sha256$720000$ikI0R4uAKolkDYqzgU3FRw$ROXzqoZRTlShewbNfsdur5Xo0oUgBdav6TFofLJg/0k=', NULL, 0, '2411102435036', 'Yenny', 'Prabowo', '', 0, 1, '2025-06-13 07:32:17.493046'),
(180, 'pbkdf2_sha256$720000$2hkNvN0FpeJw2exQHk0D9I$qBkElwRdhtYAvgpdvile+XBzVLjNDi6kV8fKR/qAzqc=', NULL, 0, '2011102405037', 'Cindy', 'Wijaya', '', 0, 1, '2025-06-13 07:32:18.683740'),
(181, 'pbkdf2_sha256$720000$qqyTgjwJ4eZ9d4fJwHopMl$xezaKSD841bnsFiD4QbArhpbcVfJzb7H04SWzbpRjPA=', NULL, 0, '1811102439038', 'Usman', 'Anwar', '', 0, 1, '2025-06-13 07:32:19.981732'),
(182, 'pbkdf2_sha256$720000$1cD7ECoQmOXTCTfcrk8vsI$w8X7H9UgUdhB9XXG3kHoyj5zwryYtxbnsUIFORki+e8=', NULL, 0, '1811102412039', 'Mutiara', 'Hidayat', '', 0, 1, '2025-06-13 07:32:21.222290'),
(183, 'pbkdf2_sha256$720000$umVc4fwSmQhU9o2E2YJn0O$ZaBl7pA608qBf5+4zlX3xUwzy2COqF913QfrNUgL1kg=', NULL, 0, '2211102401040', 'Toni', 'Hartono', '', 0, 1, '2025-06-13 07:32:22.505470'),
(184, 'pbkdf2_sha256$720000$eUVXLU0eE2ZkQQ6UzvsAEb$vI+v5F2Y0YYMKmCyobm3e5jKNNd7Y2ncMDgkpJwpPAc=', NULL, 0, '2111102411041', 'Sari', 'Wibowo', '', 0, 1, '2025-06-13 07:32:23.743682'),
(185, 'pbkdf2_sha256$720000$BpniHeIAfK7NHsVrpOI2XI$b4ykaIUxUYGAGBH5VrFc+kRYoD1ZbTT4vFPwQUclzvc=', NULL, 0, '2511102413042', 'Zaki', 'Fahreza', '', 0, 1, '2025-06-13 07:32:25.002678'),
(186, 'pbkdf2_sha256$720000$KtRsxjcZfmx9MB19ZKONY0$5U1UAwMRDpI0WMGT2zdmVbwgRzfQFWWmVwJFUZSTU6U=', NULL, 0, '2011102431043', 'Qori', 'Santika', '', 0, 1, '2025-06-13 07:32:26.217690'),
(187, 'pbkdf2_sha256$720000$9M0U0u6jGcHyBWu188j18c$fg2OQbpvvc3gWEgIH6zteb3dtEVU4JbbXy8V8Eaywaw=', NULL, 0, '1911102431044', 'Fajar', 'Santika', '', 0, 1, '2025-06-13 07:32:27.436492'),
(188, 'pbkdf2_sha256$720000$4L5TaadqUIPnSUaFLEcHmk$1pPoa9vdcLj4we2oyvrlyd7tPEv6rZ1RLpDNNRE3wJI=', '2025-06-14 15:26:07.806727', 0, '1811102401045', 'Dewi', 'Lestari', '', 0, 1, '2025-06-13 07:32:28.595573'),
(189, 'pbkdf2_sha256$720000$yVZC8UDEiqQ5N2PiSdB7oS$wCByDWBEB/FIaDvRjpoLrbariYfYgIX5R2MmrAqvG/o=', NULL, 0, '2011102441046', 'Hanafi', 'Dewi', '', 0, 1, '2025-06-13 07:32:29.822816'),
(190, 'pbkdf2_sha256$720000$SDBQzl4hcBFCleProtsJFn$0N02HaU5Mh05ugKbSXPzU1GKYSOQpLkWUSTu6uwPyX8=', NULL, 0, '1811102406047', 'Galih', 'Anwar', '', 0, 1, '2025-06-13 07:32:31.014624'),
(191, 'pbkdf2_sha256$720000$sLdI45uvvvASFvZP9Ow2hF$qi9NAbx4JYEyjeQzzclhNzGmABhOkrCgX40CmCnfHLI=', NULL, 0, '1911102409048', 'Puspa', 'Dewi', '', 0, 1, '2025-06-13 07:32:32.271631'),
(192, 'pbkdf2_sha256$720000$9RxTGMjuc7XcpMWI6S6Kw9$fJ5W69H0Trtv481nGhcRz2SOon3CppQGhjTkTuIfffk=', NULL, 0, '2111102415049', 'Bima', 'Setiawan', '', 0, 1, '2025-06-13 07:32:33.531205'),
(193, 'pbkdf2_sha256$720000$6dq3UikJ9sJ9GXMyHY0KeZ$9qYA0uHiwU/Vbm2M8HNECGWkVg+3mrjBiPogiqcT/GA=', NULL, 0, '2411102445050', 'Yuda', 'Permana', '', 0, 1, '2025-06-13 07:32:34.739449'),
(194, 'pbkdf2_sha256$720000$4HvE6VRSEX7ah0mRl5oDHw$GvfbDhMOGQDt06A3ZPGG0Oh7ur2saUHiiWsWZdCm/m0=', NULL, 0, '2211102428051', 'Eka', 'Putri', '', 0, 1, '2025-06-13 07:32:35.973452'),
(195, 'pbkdf2_sha256$720000$T4cs9Jo9TMNz7eqlyxzAEA$3/4gD9EOYSFt0w1BGnR1Bo1YCPBOplvMGKDsQ192GFA=', NULL, 0, '2211102436052', 'Maya', 'Kusuma', '', 0, 1, '2025-06-13 07:32:37.219720'),
(196, 'pbkdf2_sha256$720000$GpQYz2kyN92sS6WJkqvapo$I/DOuWjXO+2Xzz0HtqmNbRb4Tax9a+QN8WFdnY0Pn+8=', NULL, 0, '1911102445053', 'Vicky', 'Wijaya', '', 0, 1, '2025-06-13 07:32:38.451648'),
(197, 'pbkdf2_sha256$720000$dfIynAmaROpwUcPCsMyab5$pqMQUqd+VAEYZ5G8bC5mp7iCDOyyazXFw1aM5yo2apM=', NULL, 0, '2411102433054', 'Wahyu', 'Hidayat', '', 0, 1, '2025-06-13 07:32:39.631798'),
(198, 'pbkdf2_sha256$720000$mVpryvN7HQCM8tPzaO7yJE$d54txDrY8mqtyizXV8P0ygAFK9kpIw1HXJdfErfuKro=', NULL, 0, '2111102437055', 'Lina', 'Pramudita', '', 0, 1, '2025-06-13 07:32:40.818342'),
(199, 'pbkdf2_sha256$720000$2KKyWLzy7RazyHIM27Vy1V$c8t3tnkh8oiKPi+8Ot0LaOYlE2ju2TztKhjHRlCUQjk=', NULL, 0, '2411102432056', 'Umar', 'Salim', '', 0, 1, '2025-06-13 07:32:42.131016'),
(200, 'pbkdf2_sha256$720000$y1VGr3GguOxtV0UiNisFDq$V8IuqfrD459ROAfdmG+gLq4zWXiTWU5tSQBD08z66BE=', NULL, 0, '2111102406057', 'Winda', 'Sari', '', 0, 1, '2025-06-13 07:32:43.538455'),
(201, 'pbkdf2_sha256$720000$CBiSULxWmTuPzaJljOvUy6$qJhLa81zgy66t6MPZitBgeS6nzGUwje43JoUeLd8XGs=', NULL, 0, '2111102433058', 'Dena', 'Dewi', '', 0, 1, '2025-06-13 07:32:44.838862'),
(202, 'pbkdf2_sha256$720000$8EFVsQo1GPV0ikaawy20Jf$WKcLAfCUYafrCbinP7G45PJ382NqGTIXF/j63ImoZ9o=', NULL, 0, '2011102430059', 'Yusuf', 'Permana', '', 0, 1, '2025-06-13 07:32:46.009976'),
(203, 'pbkdf2_sha256$720000$iPsuFdOYbjYFpfsqbQJMdv$LzKoJm+rPR/uMwQPedt8yzgxoAHUnzpnJ0RpvtOE5lM=', NULL, 0, '1811102440060', 'Indra', 'Wijaya', '', 0, 1, '2025-06-13 07:32:47.249895'),
(204, 'pbkdf2_sha256$720000$qZMNIcQRIzDcNkNNxXjFHJ$pn4GBAv3nsBNdz0+50mljmufQvABcVincJL2vu3d7as=', NULL, 0, '1911102444061', 'Lia', 'Santika', '', 0, 1, '2025-06-13 07:32:48.596740'),
(205, 'pbkdf2_sha256$720000$pInT8fC2biKQUu0sLAk7pv$HZOOv8ajTBc3Kf6Wj4pyttOdEOz4Y5kMmJXsAGYRQuc=', NULL, 0, '1811102433062', 'Amira', 'Putri', '', 0, 1, '2025-06-13 07:32:49.793850'),
(206, 'pbkdf2_sha256$720000$MIYgcMw4sLF54Lq8MiLOf8$WaG+y5lW75Pp5IaFUHZahiGcr63O2zFbDai8z9ro29E=', NULL, 0, '2111102445063', 'Krisna', 'Wijaya', '', 0, 1, '2025-06-13 07:32:51.074742'),
(207, 'pbkdf2_sha256$720000$71gSoVXQcCRbxp3F7tKEjr$yDZcfOcBb+4mRtvHnKOricoEmZ4pzRxy5vNYodQCGP8=', NULL, 0, '2511102406064', 'Putra', 'Surya', '', 0, 1, '2025-06-13 07:32:52.574640'),
(208, 'pbkdf2_sha256$720000$XgjtflZhkZlFIhiY0bbezb$yEH/zPVmyBIRde3aQhMF2ItjyVXpYpMV5+Vu1iepncc=', NULL, 0, '1911102420065', 'Joko', 'Dewanto', '', 0, 1, '2025-06-13 07:32:53.881204'),
(209, 'pbkdf2_sha256$720000$PaqlPH4fOmFfK9CCkJJc43$F35VSeu6m0xAl/VzQYzDmGtdzSO/Qa/Rfsutfo6r4mk=', NULL, 0, '2011102404066', 'Gisel', 'Permata', '', 0, 1, '2025-06-13 07:32:55.257033'),
(210, 'pbkdf2_sha256$720000$QfKeeTGF5fnbaC3o3PWvHS$EFR/AvzoC0NDJiRXSvVEqxDM/sOxWxjE2wmRacWXZ2c=', NULL, 0, '1911102406067', 'Yuni', 'Kartika', '', 0, 1, '2025-06-13 07:32:56.502833'),
(211, 'pbkdf2_sha256$720000$ruVjj4gj3z93TxU99M2L9C$Ca/F2BKnA6ciBEW/syBfEOnA/WKQcvL4xntHArSw4DA=', NULL, 0, '2211102415068', 'Diana', 'Permata', '', 0, 1, '2025-06-13 07:32:57.701041'),
(212, 'pbkdf2_sha256$720000$XtW4rbvZIknx2auNunXLxt$n1x9irygPYPpiRgA7BtPdrPuNXz0S9Pi6N2Nn6vZqBk=', NULL, 0, '2111102427069', 'Dwi', 'Ramadhan', '', 0, 1, '2025-06-13 07:32:58.855158'),
(213, 'pbkdf2_sha256$720000$qIwBLtTnXxyGmRNngN0Qpk$NTv8+mqwiTd6HUkk09a4hLlTbjeVJgaMgIqpxQzciuw=', NULL, 0, '1811102406070', 'Luthfi', 'Ramadhan', '', 0, 1, '2025-06-13 07:33:00.149812'),
(214, 'pbkdf2_sha256$720000$LSxNeC1yGWRuviKuyVzTq5$cEDAK1/i4u9LYqinbF7mDkXa96hZJNlhW6ujWokj7jY=', NULL, 0, '2011102443071', 'Siti', 'Kartika', '', 0, 1, '2025-06-13 07:33:01.410471'),
(215, 'pbkdf2_sha256$720000$4OuceQo9F3tLrGBoRV4RqQ$WY5ibgDWg4RsOrZAv+3boj4em7abX2P328AYsdQnL5U=', NULL, 0, '2211102417072', 'Elvira', 'Hidayat', '', 0, 1, '2025-06-13 07:33:02.726905'),
(216, 'pbkdf2_sha256$720000$KBxNSa5MndrsCXTJ9jbg9V$o5/SnnfmBDLdGgbTTdTHESQNcYwfWGnrnLwGnV73WT0=', NULL, 0, '2311102440073', 'Kelana', 'Permana', '', 0, 1, '2025-06-13 07:33:03.923132'),
(217, 'pbkdf2_sha256$720000$n2at5FhJdkmTeCCN3cP5ai$MOPwTplyM5XMKsNv7wAGaPCZOzCnH5v6oY1lfjmANAk=', NULL, 0, '2511102401074', 'Hesti', 'Sari', '', 0, 1, '2025-06-13 07:33:05.282929'),
(218, 'pbkdf2_sha256$720000$ZPt20K3uzHtNddogRJhNHI$H8+VS+l1KEpojsngPeSMlldh9t+NuqEmvL20x1W4DgA=', NULL, 0, '1811102414075', 'Budi', 'Suryanto', '', 0, 1, '2025-06-13 07:33:06.448167'),
(219, 'pbkdf2_sha256$720000$q0vAv9ePEy4HyizYLtRD4h$h/QvZfIxIs5Ue/PiwPmEBuaVIXQPRW791iU7Jj7bmpM=', NULL, 0, '1911102438076', 'Vicky', 'Salim', '', 0, 1, '2025-06-13 07:33:07.713676'),
(220, 'pbkdf2_sha256$720000$6lM0pZu1vWNw8A7oZVv7kj$PMuJHacV8Ejs6BdPsDV6jCgsKF9facnaRmUIbqV0StM=', NULL, 0, '2311102438077', 'Iwan', 'Santosa', '', 0, 1, '2025-06-13 07:33:08.953818'),
(221, 'pbkdf2_sha256$720000$5xgEd9sNcJv5gGRCOANYGm$h6kgYjcJ87ELAPiN+vpMYXnyGoI0Nxgj/J37T/BrFYg=', NULL, 0, '2311102431078', 'Lia', 'Permana', '', 0, 1, '2025-06-13 07:33:10.244828'),
(222, 'pbkdf2_sha256$720000$hhjWqFjrtcOJ8nN5TsaKfw$y2pb/MjU/Zh8LmRSyOYTaporsr75JPC0C8C2ip0S5jE=', NULL, 0, '1911102422079', 'Hilda', 'Permata', '', 0, 1, '2025-06-13 07:33:11.566964'),
(223, 'pbkdf2_sha256$720000$XPBjbNLarqWePXGKT6KzYC$h0eETI1RLXq80dV5KSuIPhbkrDbrpNAB9d39NqgiL8s=', NULL, 0, '2311102401080', 'Sandy', 'Hidayat', '', 0, 1, '2025-06-13 07:33:12.719355'),
(224, 'pbkdf2_sha256$720000$SlRIsjXxoyoOVdxIFB8PrI$dAAmkfdhgZGJ+IDGocr7WX5YbPhqL/vhXvjD0H38xCs=', NULL, 0, '2311102432081', 'Reza', 'Firmansyah', '', 0, 1, '2025-06-13 07:33:13.945294'),
(225, 'pbkdf2_sha256$720000$1KNdKdUXcT72DdXzYnEr0N$wuyEPk915UxrjGf0fM4A9p+4P8ccMVqN2Q+NAyvBK+Q=', NULL, 0, '2311102405082', 'Citra', 'Dewi', '', 0, 1, '2025-06-13 07:33:15.177428'),
(226, 'pbkdf2_sha256$720000$fyr4VuafcWZNX51LPN9W7A$MvMY8wAaqe4WjWx2YSxq3WQv7w1SZZOaLX7aCSlzdrQ=', NULL, 0, '2311102427083', 'Bimo', 'Wijaya', '', 0, 1, '2025-06-13 07:33:16.505454'),
(227, 'pbkdf2_sha256$720000$fJbu5Dh8Ycv439bdDFyuIJ$F/GmwYwPQsZ5UjGSiNMBDIJGLP7W+DJLVVtoih9GPw4=', NULL, 0, '1811102438084', 'Tia', 'Setiawan', '', 0, 1, '2025-06-13 07:33:17.739448'),
(228, 'pbkdf2_sha256$720000$LGy9Mf1VZFA1QDyudfHoW4$oDaZTVgmamoPATQ/g31e/Vj1hJi0lObTzz34qSZi1qA=', NULL, 0, '1911102430085', 'Nanda', 'Permata', '', 0, 1, '2025-06-13 07:33:18.975468'),
(229, 'pbkdf2_sha256$720000$M1ZVh6hWyPkeyAaTBp2pvU$kGXWPxx6bsBZe56Eog+/d0zgmrGVi/j4h/QHo6LdltU=', NULL, 0, '2011102439086', 'Rina', 'Wijaya', '', 0, 1, '2025-06-13 07:33:20.332514'),
(230, 'pbkdf2_sha256$720000$6DXdSZKl65siCDzJjHur5t$HOB0+4wRL71YjIjAF06HHDUZo7WTr4orOKztdznXuHw=', NULL, 0, '1811102424087', 'Zara', 'Hidayat', '', 0, 1, '2025-06-13 07:33:21.533454'),
(231, 'pbkdf2_sha256$720000$ldWIY6Ig9Y8PnSTB5M7Y1C$JLxBA+irS96RDmo+A6GDughPEvOkGA7b8mKZzwFtUmo=', NULL, 0, '2111102411088', 'Kirana', 'Suryanti', '', 0, 1, '2025-06-13 07:33:22.769827'),
(232, 'pbkdf2_sha256$720000$jA5w7y6voLplXDdL4EKzNm$C2A91JZ/AheYvWy7OiU4o6pbm2slST3LNcmFHOND9BY=', NULL, 0, '2511102440089', 'Vina', 'Permata', '', 0, 1, '2025-06-13 07:33:24.123816'),
(233, 'pbkdf2_sha256$720000$OYJsFSh0aBjKayj2QLkpGv$uAHldEwJLM0spfvkXQi38AwgXy696OIc3USKsdAN+pY=', NULL, 0, '1811102402090', 'Salsabila', 'Putri', '', 0, 1, '2025-06-13 07:33:25.306477'),
(234, 'pbkdf2_sha256$720000$Rn8yLYTH0gtSBgEg5cEO3x$YxvFHI215AmK5QouhWO4cxVyxpFqDt4ulK68AqV2Q1s=', NULL, 0, '2311102422091', 'Mira', 'Sari', '', 0, 1, '2025-06-13 07:33:26.610543'),
(235, 'pbkdf2_sha256$720000$L5zHQAKzNXHh9mn2GNmOeM$tq9I3A93gzm1T1UmE0E1VUZOZWL2Bv17XSBpuiESWQ4=', NULL, 0, '2411102406092', 'Ika', 'Sari', '', 0, 1, '2025-06-13 07:33:27.846811'),
(236, 'pbkdf2_sha256$720000$wxgSbxK0aXNa2rSimxKoWm$GtmnNZ0nQNOCUb/6LzgSNtdEn3YOk8AIQrXO+2LT824=', NULL, 0, '2411102442093', 'Jihan', 'Permana', '', 0, 1, '2025-06-13 07:33:29.018493'),
(237, 'pbkdf2_sha256$720000$hYs9un6sfoDGmd47xeeuvU$R2WuJ/+uosH6wmnyKmT5Yx6N4d5uQgnqvNs8qFoqYCo=', NULL, 0, '2111102419094', 'Gilang', 'Saputra', '', 0, 1, '2025-06-13 07:33:30.314585'),
(238, 'pbkdf2_sha256$720000$1ox5pBPzip3tnMdlYKo1Dm$yac+Pb4CbkEP0M0OJbvtSe2me2OMaz/tfMKsZ/q5Hfg=', NULL, 0, '2111102441095', 'Nanda', 'Setiawan', '', 0, 1, '2025-06-13 07:33:31.546667'),
(239, 'pbkdf2_sha256$720000$SfRX2oOBTyAa9gncBwUNrv$h2+l1aPLlmgZd/ovQB060LwiXDXss+G7Ud1NyCHCeMI=', NULL, 0, '2511102408096', 'Eko', 'Santosa', '', 0, 1, '2025-06-13 07:33:32.826660'),
(240, 'pbkdf2_sha256$720000$wHPX3qXt56WyJZZRznIrbo$6nk2HqCxiTQ+PdfXM2L35u44oZmT5Et/a37c7jw8upM=', NULL, 0, '2511102434097', 'Ulfah', 'Pramudita', '', 0, 1, '2025-06-13 07:33:34.032634'),
(241, 'pbkdf2_sha256$720000$WFjKIADV1RX2c07YWkFdRA$PifWUzjR6TE4ysVnKE+Vrevl0Imbp7x/jJN6Gemoaho=', NULL, 0, '2011102445098', 'Bayu', 'Pratama', '', 0, 1, '2025-06-13 07:33:35.360433'),
(242, 'pbkdf2_sha256$720000$0Mv9oUaqW0rD519iTFEXQE$klytpOzWEYA2PCORpE8s6YxqFT0E3jUoiZvTV9BO8u4=', NULL, 0, '1911102440099', 'Cakra', 'Wijaya', '', 0, 1, '2025-06-13 07:33:36.580353'),
(243, 'pbkdf2_sha256$720000$8sis7TxJzzc7H2k5v9mP0t$aDTTbNzaHT3Wsvz/B6lWCm0n55uLMD52p3/cJelSM/c=', NULL, 0, '2111102435100', 'Nabilah', 'Permata', '', 0, 1, '2025-06-13 07:33:37.843258'),
(244, 'pbkdf2_sha256$720000$xSxFMIjPOrYDaxk5Sp7Vc1$JVj68Og8QHSSksyE8IjrczF6Bk1DdORmJTjgb2X3HZM=', NULL, 0, '1911102434101', 'Sari', 'Dewi', '', 0, 1, '2025-06-13 07:33:39.110258'),
(247, 'pbkdf2_sha256$720000$HJoB4CY1Bwq625SsYdRVIT$FTbPq4NLfQNUGtgxdv6vxbLqjYBNXODApVs7zMAsF3o=', '2025-06-14 15:51:26.417860', 0, 'lianawibu', 'Fitriyah', 'Mawar Yuliana', '', 0, 1, '2025-06-13 09:12:18.349478'),
(248, 'pbkdf2_sha256$720000$mgTrE1PgxaeDPUllnDEv1C$vKvfwXqsWpKZ5RNhZCsfVSejo02P7hBKkCPV7NLmIN8=', NULL, 0, '2311102441074', 'Fitriyah', 'Mawar Yuliana', '', 0, 1, '2025-06-14 02:49:05.573874'),
(249, 'pbkdf2_sha256$720000$tmGqIhdLNuizx21FWs1thU$HaDJqFJS2LV0aFMyqfSHAlV1QKud/uA4Dc7MGwe7om8=', NULL, 0, '2311102441070', 'Josclyn', 'Juangjaya', '', 0, 1, '2025-06-14 02:49:16.135452'),
(250, 'pbkdf2_sha256$720000$fNhVaP3GB2uGXpoSiGuIMo$bG5kNqZ1Q2zd+gWeDkzn/W8RLQE7VRzpKKBJiWPjEIU=', '2025-06-14 03:20:25.045520', 0, '2311102441124', 'Khairatul', 'Fitriah', '', 0, 1, '2025-06-14 02:56:56.604749'),
(253, 'pbkdf2_sha256$720000$qKDJACoUTgEmrq3Fu0y3rL$o02cuZknE8etJlXno6/ZjCSKBK3kacoJf75YI0CmKr4=', '2025-06-15 01:26:08.649228', 0, 'lianaff', 'Liana', 'Liana', '', 0, 1, '2025-06-15 01:25:55.566304');

-- --------------------------------------------------------

--
-- Struktur dari tabel `auth_user_groups`
--

CREATE TABLE `auth_user_groups` (
  `id` bigint(20) NOT NULL,
  `user_id` int(11) NOT NULL,
  `group_id` int(11) NOT NULL
) ENGINE=InnoDB DEFAULT CHARSET=utf8mb4;

--
-- Dumping data untuk tabel `auth_user_groups`
--

INSERT INTO `auth_user_groups` (`id`, `user_id`, `group_id`) VALUES
(21, 32, 2),
(25, 145, 3),
(26, 146, 3),
(27, 147, 3),
(28, 148, 3),
(29, 149, 3),
(30, 150, 3),
(31, 151, 3),
(32, 152, 3),
(33, 153, 3),
(34, 154, 3),
(35, 155, 3),
(36, 156, 3),
(37, 157, 3),
(38, 158, 3),
(39, 159, 3),
(40, 160, 3),
(41, 161, 3),
(42, 162, 3),
(43, 163, 3),
(44, 164, 3),
(45, 165, 3),
(46, 166, 3),
(47, 167, 3),
(48, 168, 3),
(49, 169, 3),
(50, 170, 3),
(51, 171, 3),
(52, 172, 3),
(53, 173, 3),
(54, 174, 3),
(55, 175, 3),
(56, 176, 3),
(57, 177, 3),
(58, 178, 3),
(59, 179, 3),
(60, 180, 3),
(61, 181, 3),
(62, 182, 3),
(63, 183, 3),
(64, 184, 3),
(65, 185, 3),
(66, 186, 3),
(67, 187, 3),
(68, 188, 3),
(69, 189, 3),
(70, 190, 3),
(71, 191, 3),
(72, 192, 3),
(73, 193, 3),
(74, 194, 3),
(75, 195, 3),
(76, 196, 3),
(77, 197, 3),
(78, 198, 3),
(79, 199, 3),
(80, 200, 3),
(81, 201, 3),
(82, 202, 3),
(83, 203, 3),
(84, 204, 3),
(85, 205, 3),
(86, 206, 3),
(87, 207, 3),
(88, 208, 3),
(89, 209, 3),
(90, 210, 3),
(91, 211, 3),
(92, 212, 3),
(93, 213, 3),
(94, 214, 3),
(95, 215, 3),
(96, 216, 3),
(97, 217, 3),
(98, 218, 3),
(99, 219, 3),
(100, 220, 3),
(101, 221, 3),
(102, 222, 3),
(103, 223, 3),
(104, 224, 3),
(105, 225, 3),
(106, 226, 3),
(107, 227, 3),
(108, 228, 3),
(109, 229, 3),
(110, 230, 3),
(111, 231, 3),
(112, 232, 3),
(113, 233, 3),
(114, 234, 3),
(115, 235, 3),
(116, 236, 3),
(117, 237, 3),
(118, 238, 3),
(119, 239, 3),
(120, 240, 3),
(121, 241, 3),
(122, 242, 3),
(123, 243, 3),
(124, 244, 3),
(130, 247, 1),
(131, 248, 3),
(132, 249, 3),
(133, 250, 3),
(136, 253, 1);

-- --------------------------------------------------------

--
-- Struktur dari tabel `auth_user_user_permissions`
--

CREATE TABLE `auth_user_user_permissions` (
  `id` bigint(20) NOT NULL,
  `user_id` int(11) NOT NULL,
  `permission_id` int(11) NOT NULL
) ENGINE=InnoDB DEFAULT CHARSET=utf8mb4;

-- --------------------------------------------------------

--
-- Struktur dari tabel `django_admin_log`
--

CREATE TABLE `django_admin_log` (
  `id` int(11) NOT NULL,
  `action_time` datetime(6) NOT NULL,
  `object_id` longtext DEFAULT NULL,
  `object_repr` varchar(200) NOT NULL,
  `action_flag` smallint(5) UNSIGNED NOT NULL CHECK (`action_flag` >= 0),
  `change_message` longtext NOT NULL,
  `content_type_id` int(11) DEFAULT NULL,
  `user_id` int(11) NOT NULL
) ENGINE=InnoDB DEFAULT CHARSET=utf8mb4;

--
-- Dumping data untuk tabel `django_admin_log`
--

INSERT INTO `django_admin_log` (`id`, `action_time`, `object_id`, `object_repr`, `action_flag`, `change_message`, `content_type_id`, `user_id`) VALUES
(18, '2025-06-13 03:37:36.724314', '32', 'admin', 2, '[{\"changed\": {\"fields\": [\"Groups\"]}}]', 4, 32),
(19, '2025-06-13 03:40:54.785659', '32', 'admin', 2, '[{\"changed\": {\"fields\": [\"password\"]}}]', 4, 32),
(20, '2025-06-13 03:44:43.023595', '3', 'Buno', 3, '', 4, 32),
(21, '2025-06-13 06:58:28.298118', '26', '2311102441070', 3, '', 4, 32),
(22, '2025-06-13 06:58:28.303810', '25', '2311102441200', 3, '', 4, 32),
(23, '2025-06-13 06:58:28.319771', '27', '231110244800', 3, '', 4, 32),
(24, '2025-06-13 06:58:28.323849', '33', 'buno123', 3, '', 4, 32),
(25, '2025-06-13 07:08:53.238064', '37', '1911102436002', 3, '', 4, 32),
(26, '2025-06-13 07:08:53.244062', '38', '2111102421003', 3, '', 4, 32),
(27, '2025-06-13 07:08:53.252061', '39', '2411102434004', 3, '', 4, 32),
(28, '2025-06-13 07:11:35.719894', '40', '1911102436002', 3, '', 4, 32),
(29, '2025-06-13 07:11:35.725196', '41', '2111102421003', 3, '', 4, 32),
(30, '2025-06-13 07:11:35.730103', '42', '2411102434004', 3, '', 4, 32),
(31, '2025-06-13 07:19:11.012030', '32', 'admin', 2, '[{\"changed\": {\"fields\": [\"Groups\"]}}]', 4, 32),
(32, '2025-06-13 07:31:28.189766', '143', '1911102436002', 3, '', 4, 32),
(33, '2025-06-13 07:38:37.771431', '32', 'admin', 2, '[{\"changed\": {\"fields\": [\"Groups\"]}}]', 4, 32),
(34, '2025-06-13 08:13:14.071136', '32', 'admin', 2, '[{\"changed\": {\"fields\": [\"Groups\"]}}]', 4, 32),
(35, '2025-06-13 08:20:54.006644', '32', 'admin', 2, '[{\"changed\": {\"fields\": [\"Groups\"]}}]', 4, 32),
(36, '2025-06-13 08:28:05.871680', '32', 'admin', 2, '[{\"changed\": {\"fields\": [\"Groups\"]}}]', 4, 32);

-- --------------------------------------------------------

--
-- Struktur dari tabel `django_content_type`
--

CREATE TABLE `django_content_type` (
  `id` int(11) NOT NULL,
  `app_label` varchar(100) NOT NULL,
  `model` varchar(100) NOT NULL
) ENGINE=InnoDB DEFAULT CHARSET=utf8mb4;

--
-- Dumping data untuk tabel `django_content_type`
--

INSERT INTO `django_content_type` (`id`, `app_label`, `model`) VALUES
(1, 'admin', 'logentry'),
(8, 'ahp', 'bobot'),
(10, 'ahp', 'bobotkriteria'),
(9, 'ahp', 'matriksnormalisasi'),
(11, 'ahp', 'matriksperbandingan'),
(7, 'ahp', 'perhitunganahp'),
(3, 'auth', 'group'),
(2, 'auth', 'permission'),
(4, 'auth', 'user'),
(5, 'contenttypes', 'contenttype'),
(6, 'sessions', 'session'),
(13, 'user', 'ayam'),
(12, 'user', 'mahasiswa');

-- --------------------------------------------------------

--
-- Struktur dari tabel `django_migrations`
--

CREATE TABLE `django_migrations` (
  `id` bigint(20) NOT NULL,
  `app` varchar(255) NOT NULL,
  `name` varchar(255) NOT NULL,
  `applied` datetime(6) NOT NULL
) ENGINE=InnoDB DEFAULT CHARSET=utf8mb4;

--
-- Dumping data untuk tabel `django_migrations`
--

INSERT INTO `django_migrations` (`id`, `app`, `name`, `applied`) VALUES
(1, 'contenttypes', '0001_initial', '2025-06-06 01:36:19.322617'),
(2, 'auth', '0001_initial', '2025-06-06 01:36:21.677547'),
(3, 'admin', '0001_initial', '2025-06-06 01:36:22.124357'),
(4, 'admin', '0002_logentry_remove_auto_add', '2025-06-06 01:36:22.141357'),
(5, 'admin', '0003_logentry_add_action_flag_choices', '2025-06-06 01:36:22.160596'),
(6, 'contenttypes', '0002_remove_content_type_name', '2025-06-06 01:36:22.434332'),
(7, 'auth', '0002_alter_permission_name_max_length', '2025-06-06 01:36:22.672314'),
(8, 'auth', '0003_alter_user_email_max_length', '2025-06-06 01:36:22.718800'),
(9, 'auth', '0004_alter_user_username_opts', '2025-06-06 01:36:22.742310'),
(10, 'auth', '0005_alter_user_last_login_null', '2025-06-06 01:36:22.898294'),
(11, 'auth', '0006_require_contenttypes_0002', '2025-06-06 01:36:22.903294'),
(12, 'auth', '0007_alter_validators_add_error_messages', '2025-06-06 01:36:22.920756'),
(13, 'auth', '0008_alter_user_username_max_length', '2025-06-06 01:36:22.955292'),
(14, 'auth', '0009_alter_user_last_name_max_length', '2025-06-06 01:36:22.992289'),
(15, 'auth', '0010_alter_group_name_max_length', '2025-06-06 01:36:23.040284'),
(16, 'auth', '0011_update_proxy_permissions', '2025-06-06 01:36:23.062375'),
(17, 'auth', '0012_alter_user_first_name_max_length', '2025-06-06 01:36:23.097280'),
(18, 'sessions', '0001_initial', '2025-06-06 01:36:23.291265'),
(20, 'ahp', '0001_initial', '2025-06-07 15:57:29.704329'),
(21, 'ahp', '0002_bobotkriteria_matriksnormalisasi_matriksperbandingan_and_more', '2025-06-08 10:51:54.979876'),
(22, 'ahp', '0003_bobotkriteria_eigen_value_bobotkriteria_jumlah_kolom', '2025-06-09 12:23:37.587599'),
(23, 'ahp', '0004_rename_jumlah_kolom_bobotkriteria_weighted_sum_matrix', '2025-06-09 12:49:35.916030'),
(24, 'ahp', '0005_alter_perhitunganahp_cr', '2025-06-09 13:39:08.313410'),
(25, 'ahp', '0006_alter_perhitunganahp_cr_and_more', '2025-06-09 13:39:08.338408'),
(26, 'ahp', '0007_alter_perhitunganahp_lambda_max', '2025-06-09 13:41:24.244976'),
(31, 'user', '0001_initial', '2025-06-11 04:37:02.253768'),
(32, 'user', '0002_alter_mahasiswa_penghasilan_orang_tua', '2025-06-11 13:06:01.701188'),
(33, 'user', '0003_mahasiswa_is_calculated', '2025-06-12 09:49:23.834306'),
(34, 'user', '0004_mahasiswa_rank_mahasiswa_total_score', '2025-06-12 11:32:57.897329'),
(35, 'user', '0005_mahasiswa_is_lolos', '2025-06-13 06:08:56.595971');

-- --------------------------------------------------------

--
-- Struktur dari tabel `django_session`
--

CREATE TABLE `django_session` (
  `session_key` varchar(40) NOT NULL,
  `session_data` longtext NOT NULL,
  `expire_date` datetime(6) NOT NULL
) ENGINE=InnoDB DEFAULT CHARSET=utf8mb4;

--
-- Dumping data untuk tabel `django_session`
--

INSERT INTO `django_session` (`session_key`, `session_data`, `expire_date`) VALUES
('3akxa90h1o0099chb9r3lfkp0oe8p44k', '.eJxVjDsOwjAQBe_iGlle_0NJzxms9WdxANlSnFSIu0OkFNC-mXkvFnBba9hGWcKc2ZkBO_1uEdOjtB3kO7Zb56m3dZkj3xV-0MGvPZfn5XD_DiqO-q29QI2YFIERUXunsidhDKhoMkiCVLQTlpS0zk16Ag2QpVWGLEpBWNj7A8gBNv8:1uPt7q:twFOnwyX1mK9hOkP3KQL2eIUnQpmCtBrVxW4JElV0p0', '2025-06-27 01:22:34.215869'),
('5cn1nhgzcq0kn8em56xenng8wnmz820u', '.eJxVjDsOwjAQBe_iGlnerL-U9JzBWtsrHEC2FCcV4u4QKQW0b2beS0Ta1hq3wUucizgL8F6cftdE-cFtR-VO7dZl7m1d5iR3RR50yGsv_Lwc7t9BpVG_tePsEBVOCow1CZx3ScGEHslwyVlbSxoMB-tSAm9Qkwo6WBWQLTgW7w_6PzbA:1uQ6b1:Nfoo3w2xPR0j8HIqm1yPvfBHabsO_Oc3LRoHIgvhBgg', '2025-06-27 15:45:35.492645'),
('7g66cz3jddbnw9tvqy4oid9qncpz9nkw', '.eJxVjDsOwjAQBe_iGlle_0NJzxms9WdxANlSnFSIu0OkFNC-mXkvFnBba9hGWcKc2ZkBO_1uEdOjtB3kO7Zb56m3dZkj3xV-0MGvPZfn5XD_DiqO-q29QI2YFIERUXunsidhDKhoMkiCVLQTlpS0zk16Ag2QpVWGLEpBWNj7A8gBNv8:1uPss3:yCuZWwMnFItY5uaziGMRDyXnOOQt_sbLPNTSxHMDcbE', '2025-06-27 01:06:15.619827'),
('7vx0vt15qhj2rn3lo9fz4znxxxivq8kw', '.eJxVjDsOwjAQBe_iGln-xpiSPmewdr1rHECOFCcV4u4QKQW0b2beSyTY1pq2zkuaSFyENeL0OyLkB7ed0B3abZZ5busyodwVedAux5n4eT3cv4MKvX5rrYcAjGe0GI2PkeJQ2HPOxRK7ElzwjMWrkINXymhvyTniwNq4rMCK9wcX4Tg8:1uQc8X:XaAlms8-ey_8LnIzy-DJVJQB9tJjrFtMpADW5cLotHM', '2025-06-29 01:26:17.089402'),
('97rpgg24a97hp8muked88oay7zbzhl80', '.eJxVjDsOwjAQBe_iGlle_0NJzxms9WdxANlSnFSIu0OkFNC-mXkvFnBba9hGWcKc2ZkBO_1uEdOjtB3kO7Zb56m3dZkj3xV-0MGvPZfn5XD_DiqO-q29QI2YFIERUXunsidhDKhoMkiCVLQTlpS0zk16Ag2QpVWGLEpBWNj7A8gBNv8:1uOrx5:gSLdyayAeoHXhpqW2UHs9WoBkFHID_OEYEHJUe21gyQ', '2025-06-24 05:55:15.533295'),
('b487gvcw1quh5u9bnq8pb66erkhbvcvo', '.eJxVjDsOwjAQBe_iGlle_0NJzxms9WdxANlSnFSIu0OkFNC-mXkvFnBba9hGWcKc2ZkBO_1uEdOjtB3kO7Zb56m3dZkj3xV-0MGvPZfn5XD_DiqO-q29QI2YFIERUXunsidhDKhoMkiCVLQTlpS0zk16Ag2QpVWGLEpBWNj7A8gBNv8:1uOnap:3FNSetcvM2VJONKU6suSejogDfP7w59QveP3laQ8Xkc', '2025-06-24 01:15:59.335721'),
('bghgxslld9ec7dxrikx7g8babnb9mnot', '.eJxVjDsOwjAQBe_iGlnerL-U9JzBWtsrHEC2FCcV4u4QKQW0b2beS0Ta1hq3wUucizgL8F6cftdE-cFtR-VO7dZl7m1d5iR3RR50yGsv_Lwc7t9BpVG_tePsEBVOCow1CZx3ScGEHslwyVlbSxoMB-tSAm9Qkwo6WBWQLTgW7w_6PzbA:1uQIDC:OyLB_-bSrwDjO7oexTWcAXd3actjC20axl4hEzc-Dw4', '2025-06-28 04:09:46.363626'),
('d41d9ezwkstk7qzfo0luzrw5gplk9j0a', '.eJxVjDsOwjAQBe_iGlnerL-U9JzBWtsrHEC2FCcV4u4QKQW0b2beS0Ta1hq3wUucizgL8F6cftdE-cFtR-VO7dZl7m1d5iR3RR50yGsv_Lwc7t9BpVG_tePsEBVOCow1CZx3ScGEHslwyVlbSxoMB-tSAm9Qkwo6WBWQLTgW7w_6PzbA:1uQSlj:QxCDMXV10iZfgybqe_PO6aOznt4IGY1lDAULEZLxYoo', '2025-06-28 15:26:07.843267'),
('dx9ywmbuzwn083z9zrqkgft9g3x2jy69', '.eJxVjDsOwjAQBe_iGlle_0NJzxms9WdxANlSnFSIu0OkFNC-mXkvFnBba9hGWcKc2ZkBO_1uEdOjtB3kO7Zb56m3dZkj3xV-0MGvPZfn5XD_DiqO-q29QI2YFIERUXunsidhDKhoMkiCVLQTlpS0zk16Ag2QpVWGLEpBWNj7A8gBNv8:1uOy2o:0z-quk7v2rQZxR9KfCYkOoP1ubC7vCKShv7QFvTqiYQ', '2025-06-24 12:25:34.539326'),
('e5yu9r9t9dob7gkwf1492r7r1thr3gjy', '.eJxVjDsOwjAQBe_iGlle_0NJzxms9WdxANlSnFSIu0OkFNC-mXkvFnBba9hGWcKc2ZkBO_1uEdOjtB3kO7Zb56m3dZkj3xV-0MGvPZfn5XD_DiqO-q29QI2YFIERUXunsidhDKhoMkiCVLQTlpS0zk16Ag2QpVWGLEpBWNj7A8gBNv8:1uOCay:b6hQhl0wepCQC8OguOZSd7_GQkjNkEc4wQEf_g4YT0E', '2025-06-22 09:45:40.998208'),
('hg319bca9kxzdcpxy6fnwkmc806l05ig', '.eJxVjEEOwiAQRe_C2hCww9C6dN8zkJkySNVAUtqV8e7apAvd_vfef6lA25rD1mQJc1QXZcGp0-_KND2k7CjeqdyqnmpZl5n1ruiDNj3WKM_r4f4dZGr5WydCn5B9h0kGh8b0VsB37BydqWcCR2I4JrSDRTshSJcgWgJwHEEG9f4AMck4aw:1uQ2v4:k-7dLG7TRxsGsNDYluPtYTmPNEqy0kXB68ZfVwFulO8', '2025-06-27 11:50:02.783019'),
('i1ia9amcru7rpg4jkb310nion58n0est', '.eJxVjDsOwjAQBe_iGlle_0NJzxms9WdxANlSnFSIu0OkFNC-mXkvFnBba9hGWcKc2ZkBO_1uEdOjtB3kO7Zb56m3dZkj3xV-0MGvPZfn5XD_DiqO-q29QI2YFIERUXunsidhDKhoMkiCVLQTlpS0zk16Ag2QpVWGLEpBWNj7A8gBNv8:1uNvw7:ZndaBheAEhwGRR4rf-62MwFBfyU6cMa955jz4v3B0Pk', '2025-06-21 15:58:23.001027'),
('k93v8o0bnezuz5cv2q31kqoxu2umdbzl', '.eJxVjDsOwjAQBe_iGlle_0NJzxms9WdxANlSnFSIu0OkFNC-mXkvFnBba9hGWcKc2ZkBO_1uEdOjtB3kO7Zb56m3dZkj3xV-0MGvPZfn5XD_DiqO-q29QI2YFIERUXunsidhDKhoMkiCVLQTlpS0zk16Ag2QpVWGLEpBWNj7A8gBNv8:1uPNhh:ZJ-YJ7SshMMNZRV6bBIq5_iXMc-r1Y_P2j8Qy_WPqyI', '2025-06-25 15:49:29.565702'),
('mrncso6v4t32aqob9l9ysynqdbk2nhav', '.eJxVjDsOwjAQBe_iGlle_0NJzxms9WdxANlSnFSIu0OkFNC-mXkvFnBba9hGWcKc2ZkBO_1uEdOjtB3kO7Zb56m3dZkj3xV-0MGvPZfn5XD_DiqO-q29QI2YFIERUXunsidhDKhoMkiCVLQTlpS0zk16Ag2QpVWGLEpBWNj7A8gBNv8:1uNkJo:c0NS756j17qGW8C99AfZlcks0GteomXFnmXzp7_8WXk', '2025-06-21 03:34:04.422329'),
('n9pi0co18d2dud2x03q2j0ggx8jsolbc', '.eJxVjDsOwjAQBe_iGlle_0NJzxms9WdxANlSnFSIu0OkFNC-mXkvFnBba9hGWcKc2ZkBO_1uEdOjtB3kO7Zb56m3dZkj3xV-0MGvPZfn5XD_DiqO-q29QI2YFIERUXunsidhDKhoMkiCVLQTlpS0zk16Ag2QpVWGLEpBWNj7A8gBNv8:1uPg4L:34OR2HbTGJy3cKF9I-foFNIrh-SBUth_KG4GBLhIdFA', '2025-06-26 11:26:05.010421'),
('oelu0iome1iemt15hie1ldih0a3kiaxl', '.eJxVjDsOwjAQBe_iGlle_0NJzxms9WdxANlSnFSIu0OkFNC-mXkvFnBba9hGWcKc2ZkBO_1uEdOjtB3kO7Zb56m3dZkj3xV-0MGvPZfn5XD_DiqO-q29QI2YFIERUXunsidhDKhoMkiCVLQTlpS0zk16Ag2QpVWGLEpBWNj7A8gBNv8:1uPsmy:5twrolVH5qn22jtnD-TWB3Glbk-VYVm-GMuKLhBpDxk', '2025-06-27 01:01:00.533982'),
('ori8kopn8ibe63rrr0u5dfdkrgfoynyp', '.eJxVjMEKwyAQRP_FcxGjybr22Hu-QXbdUNOWCDE5lf57DeTQwhyGeTPzVpH2Lce9TmucRV2VBXX5DZnSc1oOIg9a7kWnsmzrzPqo6JNWPRaZXrez-3eQqea2ZgDpO-htN5AhGbAppMRBwA7gnbPJCCJRcgyInSXPHjn45siIU58v9x83og:1uPEj3:yVQQFmwVdkb12IaWmCJT8SCH95R7PKdSUNaU-4HXR8w', '2025-06-25 06:14:17.587090'),
('r1rr87nhoenfekv57wy031vm4kqbzzze', '.eJxVjDsOwjAQBe_iGlle_0NJzxms9WdxANlSnFSIu0OkFNC-mXkvFnBba9hGWcKc2ZkBO_1uEdOjtB3kO7Zb56m3dZkj3xV-0MGvPZfn5XD_DiqO-q29QI2YFIERUXunsidhDKhoMkiCVLQTlpS0zk16Ag2QpVWGLEpBWNj7A8gBNv8:1uOzR9:4YmoT0mlObIA-3bIkjLPWsGhxT21s0OSsb0OVGi_1AE', '2025-06-24 13:54:47.329903'),
('sk54zwztccm7wedga03nngxf2pxlnxby', '.eJxVjDsOwjAQBe_iGlle_0NJzxms9WdxANlSnFSIu0OkFNC-mXkvFnBba9hGWcKc2ZkBO_1uEdOjtB3kO7Zb56m3dZkj3xV-0MGvPZfn5XD_DiqO-q29QI2YFIERUXunsidhDKhoMkiCVLQTlpS0zk16Ag2QpVWGLEpBWNj7A8gBNv8:1uNYga:yZ6Pq2G1IUbBFnRllDFGz53tepua9zHMhMYZrulnD18', '2025-06-20 15:08:48.321433'),
('sxyvn8msej179gssg6h1d842oyq7sey7', '.eJxVjDsOwjAQBe_iGlle_0NJzxms9WdxANlSnFSIu0OkFNC-mXkvFnBba9hGWcKc2ZkBO_1uEdOjtB3kO7Zb56m3dZkj3xV-0MGvPZfn5XD_DiqO-q29QI2YFIERUXunsidhDKhoMkiCVLQTlpS0zk16Ag2QpVWGLEpBWNj7A8gBNv8:1uNnEF:znHRRW8ZI6rL1kVy4YsduJ-kCS-GQ8JsVAzJS30-jY4', '2025-06-21 06:40:31.905327'),
('xopw4je74ccuni5sc0k3184vkv47zt1x', '.eJxVjDsOwjAQBe_iGlle_0NJzxms9WdxANlSnFSIu0OkFNC-mXkvFnBba9hGWcKc2ZkBO_1uEdOjtB3kO7Zb56m3dZkj3xV-0MGvPZfn5XD_DiqO-q29QI2YFIERUXunsidhDKhoMkiCVLQTlpS0zk16Ag2QpVWGLEpBWNj7A8gBNv8:1uPsmF:l2F4LByMAtucXNss-aJC0qGs2EoxJdqxe_WHEbx2QnA', '2025-06-27 01:00:15.842584'),
('xurubbyz8jv1krr2c0x9rkyto5lgf7qo', '.eJxVjMsOgjAUBf-la9P09gks3fsFxjS3L6hoSSjEhfHfhYSFbs_MmTexuC6DXWucbQ6kI0BOv5tDP8ayg3DH0k_UT2WZs6O7Qg9a6WUK8XE-3L_AgHXY3g1DiehFAsWcbIwITWJKgXAqAE_gozRMJ8G1Ma1sQQIEroVKGjlLGLfoE7dWri-0M5Yxl55019vnCxrZP2g:1uPfTj:7nP-YVfBpQTq9dHzZzhgKfuBbum3kZX7CC34UqvIEJs', '2025-06-26 10:48:15.066634'),
('ycbj1tkdotrrf38k53y0srbkvemwdyow', '.eJxVjDsOwjAQBe_iGlle_0NJzxms9WdxANlSnFSIu0OkFNC-mXkvFnBba9hGWcKc2ZkBO_1uEdOjtB3kO7Zb56m3dZkj3xV-0MGvPZfn5XD_DiqO-q29QI2YFIERUXunsidhDKhoMkiCVLQTlpS0zk16Ag2QpVWGLEpBWNj7A8gBNv8:1uObfY:x9kjKPaAJk628YexojN5-nAlX8PM6oGUI26xijosVp0', '2025-06-23 12:32:04.312500');

-- --------------------------------------------------------

--
-- Struktur dari tabel `user_mahasiswa`
--

CREATE TABLE `user_mahasiswa` (
  `id` bigint(20) NOT NULL,
  `ipk` decimal(4,2) DEFAULT NULL,
  `penghasilan_orang_tua` decimal(10,0) DEFAULT NULL,
  `jumlah_tanggungan` int(11) DEFAULT NULL,
  `usia` int(11) DEFAULT NULL,
  `user_id` int(11) DEFAULT NULL,
  `is_calculated` tinyint(1) NOT NULL,
  `rank` int(11) DEFAULT NULL,
  `total_score` double DEFAULT NULL,
  `is_lolos` tinyint(1) DEFAULT NULL
) ENGINE=InnoDB DEFAULT CHARSET=utf8mb4;

--
-- Dumping data untuk tabel `user_mahasiswa`
--

INSERT INTO `user_mahasiswa` (`id`, `ipk`, `penghasilan_orang_tua`, `jumlah_tanggungan`, `usia`, `user_id`, `is_calculated`, `rank`, `total_score`, `is_lolos`) VALUES
(105, '3.34', '2500000', 3, 24, 145, 0, NULL, NULL, NULL),
(106, '3.75', '5000000', 4, 22, 146, 0, NULL, NULL, NULL),
(107, '3.10', '2700000', 2, 25, 147, 0, NULL, NULL, NULL),
(108, '3.10', '5800000', 2, 24, 148, 0, NULL, NULL, NULL),
(109, '3.22', '4900000', 4, 28, 149, 0, NULL, NULL, NULL),
(110, '3.74', '3200000', 4, 27, 150, 0, NULL, NULL, NULL),
(111, '3.68', '5600000', 2, 27, 151, 0, NULL, NULL, NULL),
(112, '3.89', '3600000', 1, 26, 152, 0, NULL, NULL, NULL),
(113, '3.09', '2200000', 1, 23, 153, 0, NULL, NULL, NULL),
(114, '3.42', '3300000', 6, 22, 154, 0, NULL, NULL, NULL),
(115, '3.03', '4200000', 4, 21, 155, 0, NULL, NULL, NULL),
(116, '3.22', '2500000', 3, 28, 156, 0, NULL, NULL, NULL),
(117, '3.51', '4400000', 4, 29, 157, 0, NULL, NULL, NULL),
(118, '3.03', '1500000', 4, 23, 158, 0, NULL, NULL, NULL),
(119, '3.20', '3100000', 4, 21, 159, 0, NULL, NULL, NULL),
(120, '3.65', '4700000', 6, 22, 160, 0, NULL, NULL, NULL),
(121, '3.54', '2600000', 1, 24, 161, 0, NULL, NULL, NULL),
(122, '3.22', '4700000', 6, 20, 162, 0, NULL, NULL, NULL),
(123, '3.59', '2100000', 6, 28, 163, 0, NULL, NULL, NULL),
(124, '3.81', '5500000', 6, 28, 164, 0, NULL, NULL, NULL),
(125, '3.01', '3400000', 1, 22, 165, 0, NULL, NULL, NULL),
(126, '3.81', '5500000', 1, 25, 166, 0, NULL, NULL, NULL),
(127, '3.70', '4700000', 4, 23, 167, 0, NULL, NULL, NULL),
(128, '3.34', '5300000', 6, 30, 168, 0, NULL, NULL, NULL),
(129, '3.16', '2700000', 3, 19, 169, 0, NULL, NULL, NULL),
(130, '3.96', '2400000', 1, 18, 170, 0, NULL, NULL, NULL),
(131, '3.34', '3800000', 2, 25, 171, 0, NULL, NULL, NULL),
(132, '3.09', '2500000', 2, 27, 172, 0, NULL, NULL, NULL),
(133, '3.10', '4900000', 2, 27, 173, 0, NULL, NULL, NULL),
(134, '3.85', '4800000', 5, 19, 174, 0, NULL, NULL, NULL),
(135, '3.60', '1500000', 4, 19, 175, 0, NULL, NULL, NULL),
(136, '3.81', '5300000', 2, 26, 176, 0, NULL, NULL, NULL),
(137, '3.73', '3500000', 4, 21, 177, 0, NULL, NULL, NULL),
(138, '3.54', '4600000', 2, 26, 178, 0, NULL, NULL, NULL),
(139, '3.97', '1600000', 3, 22, 179, 0, NULL, NULL, NULL),
(140, '3.38', '2200000', 4, 20, 180, 0, NULL, NULL, NULL),
(141, '3.55', '3800000', 2, 23, 181, 0, NULL, NULL, NULL),
(142, '3.83', '3400000', 1, 19, 182, 0, NULL, NULL, NULL),
(143, '3.62', '3000000', 4, 21, 183, 0, NULL, NULL, NULL),
(144, '3.86', '1800000', 5, 23, 184, 0, NULL, NULL, NULL),
(145, '3.58', '3000000', 1, 22, 185, 0, NULL, NULL, NULL),
(146, '3.70', '5100000', 1, 20, 186, 0, NULL, NULL, NULL),
(147, '3.05', '2000000', 6, 25, 187, 0, NULL, NULL, NULL),
(148, '3.23', '2000000', 5, 26, 188, 0, NULL, NULL, NULL),
(149, '3.29', '4600000', 1, 29, 189, 0, NULL, NULL, NULL),
(150, '3.08', '1900000', 1, 22, 190, 0, NULL, NULL, NULL),
(151, '3.23', '4900000', 2, 27, 191, 0, NULL, NULL, NULL),
(152, '3.10', '2300000', 2, 30, 192, 0, NULL, NULL, NULL),
(153, '3.28', '2300000', 4, 28, 193, 0, NULL, NULL, NULL),
(154, '3.64', '5700000', 4, 26, 194, 0, NULL, NULL, NULL),
(155, '3.36', '4500000', 4, 18, 195, 0, NULL, NULL, NULL),
(156, '3.37', '5000000', 2, 28, 196, 0, NULL, NULL, NULL),
(157, '3.21', '2500000', 4, 26, 197, 0, NULL, NULL, NULL),
(158, '3.27', '3100000', 1, 22, 198, 0, NULL, NULL, NULL),
(159, '3.94', '4800000', 2, 28, 199, 0, NULL, NULL, NULL),
(160, '3.65', '5300000', 4, 19, 200, 0, NULL, NULL, NULL),
(161, '3.61', '4200000', 1, 20, 201, 0, NULL, NULL, NULL),
(162, '3.17', '2800000', 4, 22, 202, 0, NULL, NULL, NULL),
(163, '3.73', '4900000', 3, 19, 203, 0, NULL, NULL, NULL),
(164, '3.16', '5900000', 4, 19, 204, 0, NULL, NULL, NULL),
(165, '3.38', '2700000', 3, 29, 205, 0, NULL, NULL, NULL),
(166, '3.99', '6000000', 4, 26, 206, 0, NULL, NULL, NULL),
(167, '3.64', '3400000', 6, 20, 207, 0, NULL, NULL, NULL),
(168, '3.56', '4000000', 6, 22, 208, 0, NULL, NULL, NULL),
(169, '3.68', '5700000', 5, 22, 209, 0, NULL, NULL, NULL),
(170, '3.84', '5600000', 6, 27, 210, 0, NULL, NULL, NULL),
(171, '3.78', '3800000', 6, 21, 211, 0, NULL, NULL, NULL),
(172, '3.23', '4300000', 4, 29, 212, 0, NULL, NULL, NULL),
(173, '3.03', '4800000', 2, 23, 213, 0, NULL, NULL, NULL),
(174, '3.32', '4300000', 2, 21, 214, 0, NULL, NULL, NULL),
(175, '3.27', '2200000', 3, 28, 215, 0, NULL, NULL, NULL),
(176, '3.21', '3000000', 2, 28, 216, 0, NULL, NULL, NULL),
(177, '3.94', '2900000', 1, 22, 217, 0, NULL, NULL, NULL),
(178, '3.88', '1900000', 5, 26, 218, 0, NULL, NULL, NULL),
(179, '3.31', '3600000', 6, 25, 219, 0, NULL, NULL, NULL),
(180, '3.66', '1600000', 5, 22, 220, 0, NULL, NULL, NULL),
(181, '3.40', '5200000', 1, 18, 221, 0, NULL, NULL, NULL),
(182, '3.91', '5000000', 6, 19, 222, 0, NULL, NULL, NULL),
(183, '3.46', '2900000', 3, 28, 223, 0, NULL, NULL, NULL),
(184, '3.26', '5200000', 1, 24, 224, 0, NULL, NULL, NULL),
(185, '3.25', '2900000', 1, 22, 225, 0, NULL, NULL, NULL),
(186, '3.56', '1500000', 5, 18, 226, 0, NULL, NULL, NULL),
(187, '3.26', '1900000', 4, 18, 227, 0, NULL, NULL, NULL),
(188, '3.58', '6000000', 5, 23, 228, 0, NULL, NULL, NULL),
(189, '3.90', '5500000', 5, 30, 229, 0, NULL, NULL, NULL),
(190, '3.40', '1800000', 2, 20, 230, 0, NULL, NULL, NULL),
(191, '3.22', '2900000', 1, 28, 231, 0, NULL, NULL, NULL),
(192, '4.00', '1900000', 5, 22, 232, 0, NULL, NULL, NULL),
(193, '3.51', '1700000', 1, 20, 233, 0, NULL, NULL, NULL),
(194, '3.09', '3600000', 2, 29, 234, 0, NULL, NULL, NULL),
(195, '3.05', '1900000', 1, 25, 235, 0, NULL, NULL, NULL),
(196, '3.11', '4700000', 5, 26, 236, 0, NULL, NULL, NULL),
(197, '3.63', '3000000', 1, 29, 237, 0, NULL, NULL, NULL),
(198, '3.79', '3200000', 6, 24, 238, 0, NULL, NULL, NULL),
(199, '3.42', '5700000', 2, 26, 239, 0, NULL, NULL, NULL),
(200, '3.06', '4600000', 4, 18, 240, 0, NULL, NULL, NULL),
(201, '3.38', '2800000', 1, 19, 241, 0, NULL, NULL, NULL),
(202, '4.00', '4900000', 5, 19, 242, 0, NULL, NULL, NULL),
(203, '3.53', '2300000', 2, 29, 243, 0, NULL, NULL, NULL),
(204, '3.97', '5100000', 5, 20, 244, 0, NULL, NULL, NULL),
(206, NULL, NULL, NULL, NULL, 248, 0, NULL, NULL, NULL),
(207, NULL, NULL, NULL, NULL, 249, 0, NULL, NULL, NULL),
(208, NULL, NULL, NULL, NULL, 250, 0, NULL, NULL, NULL);

--
-- Indexes for dumped tables
--

--
-- Indeks untuk tabel `ahp_bobotkriteria`
--
ALTER TABLE `ahp_bobotkriteria`
  ADD PRIMARY KEY (`id`),
  ADD KEY `ahp_bobotkriteria_perhitungan_id_1b598c92_fk_ahp_perhi` (`perhitungan_id`);

--
-- Indeks untuk tabel `ahp_matriksnormalisasi`
--
ALTER TABLE `ahp_matriksnormalisasi`
  ADD PRIMARY KEY (`id`),
  ADD KEY `ahp_matriksnormalisa_perhitungan_id_4437f53e_fk_ahp_perhi` (`perhitungan_id`);

--
-- Indeks untuk tabel `ahp_matriksperbandingan`
--
ALTER TABLE `ahp_matriksperbandingan`
  ADD PRIMARY KEY (`id`),
  ADD KEY `ahp_matriksperbandin_perhitungan_id_00219325_fk_ahp_perhi` (`perhitungan_id`);

--
-- Indeks untuk tabel `ahp_perhitunganahp`
--
ALTER TABLE `ahp_perhitunganahp`
  ADD PRIMARY KEY (`id`);

--
-- Indeks untuk tabel `auth_group`
--
ALTER TABLE `auth_group`
  ADD PRIMARY KEY (`id`),
  ADD UNIQUE KEY `name` (`name`);

--
-- Indeks untuk tabel `auth_group_permissions`
--
ALTER TABLE `auth_group_permissions`
  ADD PRIMARY KEY (`id`),
  ADD UNIQUE KEY `auth_group_permissions_group_id_permission_id_0cd325b0_uniq` (`group_id`,`permission_id`),
  ADD KEY `auth_group_permissio_permission_id_84c5c92e_fk_auth_perm` (`permission_id`);

--
-- Indeks untuk tabel `auth_permission`
--
ALTER TABLE `auth_permission`
  ADD PRIMARY KEY (`id`),
  ADD UNIQUE KEY `auth_permission_content_type_id_codename_01ab375a_uniq` (`content_type_id`,`codename`);

--
-- Indeks untuk tabel `auth_user`
--
ALTER TABLE `auth_user`
  ADD PRIMARY KEY (`id`),
  ADD UNIQUE KEY `username` (`username`);

--
-- Indeks untuk tabel `auth_user_groups`
--
ALTER TABLE `auth_user_groups`
  ADD PRIMARY KEY (`id`),
  ADD UNIQUE KEY `auth_user_groups_user_id_group_id_94350c0c_uniq` (`user_id`,`group_id`),
  ADD KEY `auth_user_groups_group_id_97559544_fk_auth_group_id` (`group_id`);

--
-- Indeks untuk tabel `auth_user_user_permissions`
--
ALTER TABLE `auth_user_user_permissions`
  ADD PRIMARY KEY (`id`),
  ADD UNIQUE KEY `auth_user_user_permissions_user_id_permission_id_14a6b632_uniq` (`user_id`,`permission_id`),
  ADD KEY `auth_user_user_permi_permission_id_1fbb5f2c_fk_auth_perm` (`permission_id`);

--
-- Indeks untuk tabel `django_admin_log`
--
ALTER TABLE `django_admin_log`
  ADD PRIMARY KEY (`id`),
  ADD KEY `django_admin_log_content_type_id_c4bce8eb_fk_django_co` (`content_type_id`),
  ADD KEY `django_admin_log_user_id_c564eba6_fk_auth_user_id` (`user_id`);

--
-- Indeks untuk tabel `django_content_type`
--
ALTER TABLE `django_content_type`
  ADD PRIMARY KEY (`id`),
  ADD UNIQUE KEY `django_content_type_app_label_model_76bd3d3b_uniq` (`app_label`,`model`);

--
-- Indeks untuk tabel `django_migrations`
--
ALTER TABLE `django_migrations`
  ADD PRIMARY KEY (`id`);

--
-- Indeks untuk tabel `django_session`
--
ALTER TABLE `django_session`
  ADD PRIMARY KEY (`session_key`),
  ADD KEY `django_session_expire_date_a5c62663` (`expire_date`);

--
-- Indeks untuk tabel `user_mahasiswa`
--
ALTER TABLE `user_mahasiswa`
  ADD PRIMARY KEY (`id`),
  ADD UNIQUE KEY `user_id` (`user_id`);

--
-- AUTO_INCREMENT untuk tabel yang dibuang
--

--
-- AUTO_INCREMENT untuk tabel `ahp_bobotkriteria`
--
ALTER TABLE `ahp_bobotkriteria`
  MODIFY `id` bigint(20) NOT NULL AUTO_INCREMENT, AUTO_INCREMENT=109;

--
-- AUTO_INCREMENT untuk tabel `ahp_matriksnormalisasi`
--
ALTER TABLE `ahp_matriksnormalisasi`
  MODIFY `id` bigint(20) NOT NULL AUTO_INCREMENT, AUTO_INCREMENT=433;

--
-- AUTO_INCREMENT untuk tabel `ahp_matriksperbandingan`
--
ALTER TABLE `ahp_matriksperbandingan`
  MODIFY `id` bigint(20) NOT NULL AUTO_INCREMENT, AUTO_INCREMENT=433;

--
-- AUTO_INCREMENT untuk tabel `ahp_perhitunganahp`
--
ALTER TABLE `ahp_perhitunganahp`
  MODIFY `id` bigint(20) NOT NULL AUTO_INCREMENT, AUTO_INCREMENT=48;

--
-- AUTO_INCREMENT untuk tabel `auth_group`
--
ALTER TABLE `auth_group`
  MODIFY `id` int(11) NOT NULL AUTO_INCREMENT, AUTO_INCREMENT=5;

--
-- AUTO_INCREMENT untuk tabel `auth_group_permissions`
--
ALTER TABLE `auth_group_permissions`
  MODIFY `id` bigint(20) NOT NULL AUTO_INCREMENT, AUTO_INCREMENT=18;

--
-- AUTO_INCREMENT untuk tabel `auth_permission`
--
ALTER TABLE `auth_permission`
  MODIFY `id` int(11) NOT NULL AUTO_INCREMENT, AUTO_INCREMENT=53;

--
-- AUTO_INCREMENT untuk tabel `auth_user`
--
ALTER TABLE `auth_user`
  MODIFY `id` int(11) NOT NULL AUTO_INCREMENT, AUTO_INCREMENT=254;

--
-- AUTO_INCREMENT untuk tabel `auth_user_groups`
--
ALTER TABLE `auth_user_groups`
  MODIFY `id` bigint(20) NOT NULL AUTO_INCREMENT, AUTO_INCREMENT=137;

--
-- AUTO_INCREMENT untuk tabel `auth_user_user_permissions`
--
ALTER TABLE `auth_user_user_permissions`
  MODIFY `id` bigint(20) NOT NULL AUTO_INCREMENT;

--
-- AUTO_INCREMENT untuk tabel `django_admin_log`
--
ALTER TABLE `django_admin_log`
  MODIFY `id` int(11) NOT NULL AUTO_INCREMENT, AUTO_INCREMENT=37;

--
-- AUTO_INCREMENT untuk tabel `django_content_type`
--
ALTER TABLE `django_content_type`
  MODIFY `id` int(11) NOT NULL AUTO_INCREMENT, AUTO_INCREMENT=14;

--
-- AUTO_INCREMENT untuk tabel `django_migrations`
--
ALTER TABLE `django_migrations`
  MODIFY `id` bigint(20) NOT NULL AUTO_INCREMENT, AUTO_INCREMENT=36;

--
-- AUTO_INCREMENT untuk tabel `user_mahasiswa`
--
ALTER TABLE `user_mahasiswa`
  MODIFY `id` bigint(20) NOT NULL AUTO_INCREMENT, AUTO_INCREMENT=209;

--
-- Ketidakleluasaan untuk tabel pelimpahan (Dumped Tables)
--

--
-- Ketidakleluasaan untuk tabel `ahp_bobotkriteria`
--
ALTER TABLE `ahp_bobotkriteria`
  ADD CONSTRAINT `ahp_bobotkriteria_perhitungan_id_1b598c92_fk_ahp_perhi` FOREIGN KEY (`perhitungan_id`) REFERENCES `ahp_perhitunganahp` (`id`);

--
-- Ketidakleluasaan untuk tabel `ahp_matriksnormalisasi`
--
ALTER TABLE `ahp_matriksnormalisasi`
  ADD CONSTRAINT `ahp_matriksnormalisa_perhitungan_id_4437f53e_fk_ahp_perhi` FOREIGN KEY (`perhitungan_id`) REFERENCES `ahp_perhitunganahp` (`id`);

--
-- Ketidakleluasaan untuk tabel `ahp_matriksperbandingan`
--
ALTER TABLE `ahp_matriksperbandingan`
  ADD CONSTRAINT `ahp_matriksperbandin_perhitungan_id_00219325_fk_ahp_perhi` FOREIGN KEY (`perhitungan_id`) REFERENCES `ahp_perhitunganahp` (`id`);

--
-- Ketidakleluasaan untuk tabel `auth_group_permissions`
--
ALTER TABLE `auth_group_permissions`
  ADD CONSTRAINT `auth_group_permissio_permission_id_84c5c92e_fk_auth_perm` FOREIGN KEY (`permission_id`) REFERENCES `auth_permission` (`id`),
  ADD CONSTRAINT `auth_group_permissions_group_id_b120cbf9_fk_auth_group_id` FOREIGN KEY (`group_id`) REFERENCES `auth_group` (`id`);

--
-- Ketidakleluasaan untuk tabel `auth_permission`
--
ALTER TABLE `auth_permission`
  ADD CONSTRAINT `auth_permission_content_type_id_2f476e4b_fk_django_co` FOREIGN KEY (`content_type_id`) REFERENCES `django_content_type` (`id`);

--
-- Ketidakleluasaan untuk tabel `auth_user_groups`
--
ALTER TABLE `auth_user_groups`
  ADD CONSTRAINT `auth_user_groups_group_id_97559544_fk_auth_group_id` FOREIGN KEY (`group_id`) REFERENCES `auth_group` (`id`),
  ADD CONSTRAINT `auth_user_groups_user_id_6a12ed8b_fk_auth_user_id` FOREIGN KEY (`user_id`) REFERENCES `auth_user` (`id`);

--
-- Ketidakleluasaan untuk tabel `auth_user_user_permissions`
--
ALTER TABLE `auth_user_user_permissions`
  ADD CONSTRAINT `auth_user_user_permi_permission_id_1fbb5f2c_fk_auth_perm` FOREIGN KEY (`permission_id`) REFERENCES `auth_permission` (`id`),
  ADD CONSTRAINT `auth_user_user_permissions_user_id_a95ead1b_fk_auth_user_id` FOREIGN KEY (`user_id`) REFERENCES `auth_user` (`id`);

--
-- Ketidakleluasaan untuk tabel `django_admin_log`
--
ALTER TABLE `django_admin_log`
  ADD CONSTRAINT `django_admin_log_content_type_id_c4bce8eb_fk_django_co` FOREIGN KEY (`content_type_id`) REFERENCES `django_content_type` (`id`),
  ADD CONSTRAINT `django_admin_log_user_id_c564eba6_fk_auth_user_id` FOREIGN KEY (`user_id`) REFERENCES `auth_user` (`id`);

--
-- Ketidakleluasaan untuk tabel `user_mahasiswa`
--
ALTER TABLE `user_mahasiswa`
  ADD CONSTRAINT `user_mahasiswa_user_id_978f1746_fk_auth_user_id` FOREIGN KEY (`user_id`) REFERENCES `auth_user` (`id`);
COMMIT;

/*!40101 SET CHARACTER_SET_CLIENT=@OLD_CHARACTER_SET_CLIENT */;
/*!40101 SET CHARACTER_SET_RESULTS=@OLD_CHARACTER_SET_RESULTS */;
/*!40101 SET COLLATION_CONNECTION=@OLD_COLLATION_CONNECTION */;
